firstName|gender
natthu|M
dulichand|M
varda|F
tasbiha|F
Anjali|F
ASHTON|M
nadem|M
nitam|F
grpreet|F
CATHERINE|F
Sophia|F
Johnnie|M
Johanna|F
JUN|M
Faiga|F
rajveer|M
madharam|M
shakti|F
Skylah|F
ansal|M
muskan|M
minaksi|F
faijina|F
Gabriela|F
YOSEF|M
rithik|M
parth|M
lakshmi|M
pram|M
sazya|F
sumnesh|F
Neal|M
shivram|M
dinesh|F
JORGE|M
Antonella|F
Mariam|F
Freddie|M
Jamari|M
akashya|M
AVI|M
Elizabeth|F
aamosh|M
punit|F
sweeti|F
Jamal|M
Alfredo|M
sankarlal|M
himanshu|F
Marco|M
EZEQUIEL|M
sanat|M
rma|M
sabbir|M
kuldeel|M
englas|F
bhagirathi|F
preeti|F
NATALIE|F
Avraham|M
rafiq|M
ANSON|M
chandermani|M
archna|M
shobha|M
saveta|F
kosalya|F
Taylor|F
Armaan|M
Cameron|M
paramjeet|M
sanaali|F
bindi|F
somwati|F
JESSE|M
Tiffany|M
sarita|M
aishe|F
khushabu|F
nathuram|M
nazmuslam|M
baksi|M
layba|F
bahwana|F
minka|F
Kyrie|M
NORA|F
Frieda|F
ENRIQUE|M
harimohan|M
isthar|M
twinkle|F
sawati|F
sarvash|M
Shayan|M
LESLY|F
mangubai|F
ISAAC|M
Josie|F
rohila|F
Zalmen|M
NASIR|M
MEGAN|F
Beatrix|F
Aayat|F
noor|M
jaga|M
moh|M
MATTEO|M
TZVI|M
ESTER|F
farhanaaz|F
prezi|F
rabiya|F
narendar|M
aadish|M
aaliya|F
kanchi|F
Brodie|M
Umar|M
hament|M
hashim|M
nirjala|F
JIMMY|M
Aliza|F
joity|F
amil|M
sobi|M
mangala|F
Princess|F
Mayar|F
Branden|M
milap|M
shahera|F
brajendra|M
sefali|F
sujli|F
sharjprit|F
Cash|M
Luna|F
Ephraim|M
shri|M
kunda|M
tasnim|F
shekh|F
afsar|M
ateek|M
awedhesh|M
komal|M
arvinder|F
ladakunvar|F
rathan|M
aashik|M
jaspreet|F
Genevieve|F
tofik|M
nirwat|F
Siena|F
Delonte|M
Damon|M
kudeep|M
faimuddin|F
suhani|F
Violeta|F
KEITH|M
Hoorain|F
Jefferson|M
subhakar|M
rada|M
ikara|F
WENDY|F
BERISH|M
Jesus|M
Freida|F
victor|M
DECLAN|M
JEANCARLOS|M
MIRIAM|F
bismilla|F
ayub|M
gaurav|M
harender|M
riya|F
khusbu|F
norti|F
shabnam|F
rahul|F
Cormac|M
Mariana|F
bhoop|M
sugodh|M
teerath|M
sanjeeta|F
Stephon|M
ashif|M
ALYSON|F
JACQUELINE|F
Elise|F
KHLOE|F
kouchu|M
rumeet|M
jumrati|M
asma|F
rajwati|F
MAHAMADOU|M
shishpal|M
kastoori|F
Jacob|M
hiralal|M
ALBERTO|M
Aizah|F
ajad|M
nausad|M
sema|F
kushumavati|F
saveroon|F
RODRIGO|M
Sylvie|F
Nayeli|F
vishesh|M
ambiya|F
javal|M
munnawar|M
marti|F
Simone|F
Zoe|F
Isla|F
bindvasini|F
gajla|F
aashia|F
DENZEL|M
Jody|M
mohd|M
ramkumar|M
Lloyd|M
pardep|M
jhakar|M
rishu|M
rooshi|F
LEELA|F
ARMANI|M
JOHNNY|M
yaqoob|M
kesav|M
Eugene|M
Harmony|F
Randy|M
shaturughyan|M
itwari|M
swami|M
chandrashekhar|M
рдЪрдорди|M
naveela|F
reka|F
Ashly|F
gandhi|M
faraha|F
Emilio|M
nihal|M
murli|M
Bill|M
IVANNA|F
Heidy|F
Leandro|M
jadu|M
wazir|M
adityalok|M
rasida|F
LEONEL|M
pushpa|M
surendar|M
afshar|M
Frank|M
COLIN|M
dakch|M
Ella|F
Angel|M
JORDYN|F
Derek|M
aadil|M
dheeraj|M
parven|M
chand|M
sahiba|F
vimlesh|F
manjusha|F
gouri|F
sahin|F
Cedric|M
VERA|F
som|M
sompal|M
sumender|M
aluddin|M
SAUL|M
Hazel|F
Isabelle|F
vikarm|M
ashima|F
Abdul|M
GRIFFIN|M
anshika|F
sila|F
rahat|F
SINCERE|M
tammanne|M
awshin|F
shma|F
DOMINIC|M
faizudeen|M
jakir|M
dilshana|F
dwarika|M
nazia|F
salima|F
CHEYENNE|F
MAX|M
Chaya|F
Nora|F
ritunjay|M
bhaggo|F
Randall|M
tejpal|M
pintu|M
jamadar|M
yaqub|M
akhtar|M
phul|F
pratibha|F
vibha|F
jahani|F
REHAN|M
Viviana|F
jhunnu|F
SAMIYA|F
sanoj|M
farhan|M
saziya|F
NICOLAS|M
Giulia|F
Marie|F
Antonio|M
laliya|M
veeru|M
janid|F
Gregory|M
pree|F
jayda|F
pintu|F
Lyanna|F
YANIEL|M
daman|M
Damien|M
AUGUST|M
Pierce|M
ramlakhan|M
Micah|M
ROBERTO|M
data|M
nishar|F
Morgan|F
Denzel|M
LIZBETH|F
Laura|F
Shimon|M
rituraj|M
mangol|M
takshila|F
BLAKE|M
alam|M
shadik|M
sushela|F
shalesh|F
Matteo|M
DANA|F
naim|M
puja|F
neelam|F
hasina|F
firida|F
ashanjali|F
Gerald|M
Daria|F
Rosemary|F
Tziporah|F
bhiva|M
mangat|M
dhruv|M
omeshkumar|M
khusboo|F
hari|F
gladwin|M
jayshing|M
Victoria|M
rameh|M
huma|F
JAIDEN|M
Noam|M
harishen|M
hajari|F
anusoya|F
habiba|F
sitar|M
parveena|F
shokat|M
ramsawroop|M
Aurora|F
Aya|F
faizan|M
shankar|F
mukiman|F
nootan|F
neema|F
WILLIAM|M
Briana|F
KAMILA|F
Ishaan|M
Marilyn|F
durga|M
aashish|M
kalu|M
vimal|M
madan|M
aarti|F
rakki|F
maya|F
doli|F
BRIANA|F
bherav|M
khusaboo|M
nainshi|F
bina|F
jaanki|F
Ivy|F
SHAINDY|F
mangu|M
hisham|M
Fernando|M
Vera|F
maha|M
parmila|F
Adalynn|F
Keira|F
MELODY|F
menu|F
bhuri|F
Bianca|F
KALIYAH|F
nandni|F
Tyrell|M
Karas|M
Selena|F
Ivanna|F
afroz|F
sakina|F
KATHERINE|F
JEREMY|M
rama|M
rubbi|F
ilma|F
Harper|F
avid|M
gona|F
janam|F
jibanti|F
honey|F
Ismail|M
GUSTAVO|M
selars|F
JACKSON|M
Tamia|F
hemant|M
mahkar|M
riyaz|M
bijender|M
omkar|M
vimla|F
akram|F
phooli|F
aasma|F
parul|F
sapna|F
shakuntala|F
Esther|F
tak|M
bashudev|M
joyate|F
Maximiliano|M
Niam|M
Nashla|F
REAGAN|F
Naftuli|M
usmaan|M
sadiya|F
PERRY|F
Mya|F
Liora|F
Maliha|F
dipeeka|F
ishita|F
ketan|M
vishva|M
Boruch|M
MUSTAFA|M
DALIA|F
pramatma|M
anil|F
Cory|M
Lucian|M
Sulaiman|M
adesh|M
pawni|F
menakshi|F
reekha|F
ALICE|F
metily|M
balam|M
sugandb|F
MARC|M
awdesh|M
nafe|M
balbeer|M
sahnaj|M
parvin|F
pampa|F
lahida|F
SHEVY|F
ramphal|M
ali|M
nargis|F
janki|F
musra|F
ESTEBAN|M
Katie|F
chanden|M
bagwan|M
mrityunjay|M
chunni|F
parvinder|M
saheb|M
kamil|M
sadik|M
sohan|F
Tristen|M
Arlette|F
guldasta|F
Brianny|F
SCARLETT|F
devpal|M
rajni|M
phoolla|F
saweta|F
jhingi|F
NOEL|M
Mary|M
Crosby|M
AKIVA|M
Brittany|M
perveen|M
lakhvinder|M
sudershan|M
alina|F
dulari|F
TIMOTHY|M
monam|F
EMILY|F
kanok|M
kaushar|F
merry|F
devyani|F
devli|F
Dina|F
umasankar|M
sazi|F
gulsan|F
Oliver|M
bodu|M
laxita|F
ATHENA|F
FRAIDY|F
parvez|M
boby|M
vaid|M
rohit|M
maushid|M
son|M
jai|M
naina|F
niru|F
gulshan|F
nisha|F
inderjeet|F
soni|F
leela|F
avi|F
manju|F
satwanti|F
bholi|F
injum|F
karina|F
bhatri|F
Moses|M
EGYPT|F
JANA|F
attar|F
saridevi|F
jasmeet|F
laltes|F
DEBORAH|F
ROMAN|M
sujal|M
adarsh|M
mulina|F
Emanuel|M
Nicholas|M
sharda|M
dishad|M
mamtha|F
ALLISON|F
Allison|F
shaulal|M
jhagdoo|M
maneeta|F
FAIGY|F
BRYAN|M
krish|M
jasvinder|M
netram|M
aafreen|F
laxmeena|F
Deangelo|M
Nala|F
DAHLIA|F
akhilesh|F
roopam|F
Nikolas|M
Roger|M
nayeem|M
roshini|F
ELIAS|M
megraaj|M
sahida|F
halima|F
Cassandra|F
bittu|M
roji|M
rinku|F
priya|F
narmada|F
usha|F
roji|F
gulfara|F
ombeer|M
ISABELA|F
Catherine|F
syed|M
devanti|F
manglesh|F
Darius|M
Roizy|F
purnmal|M
amratalal|M
selva|M
srita|F
Stefan|M
Kaia|F
EDEN|F
diljan|M
rudhra|M
resham|F
januka|F
omparkesh|M
chandesh|M
babram|M
inda|F
shaila|F
ANALIA|F
Kingston|M
mohanram|M
kausal|M
joydeep|M
virat|M
manjit|F
adalat|M
rajeet|M
shaubha|M
parsnath|M
yuveraj|M
minitwa|F
ANGELINA|F
kulwant|M
kosaleya|F
rukhsona|F
ELAN|M
JAYLEEN|F
vishamitra|M
harjit|F
Devora|F
rajbir|M
ramdev|M
kailash|M
karshma|F
amreen|F
satish|F
subhangi|F
lalita|F
rajshree|F
Tzippy|F
bhasker|M
sivam|M
harvindra|F
Christian|M
Charles|M
mahammd|M
rumal|F
kewal|M
ramdin|M
moinuddin|M
rahila|F
shusila|F
Nailah|F
Jesse|M
Juliette|F
Reuven|M
hareshwar|M
manender|M
sakir|M
bhim|F
JOHNATHAN|M
Kyla|F
davender|M
silpi|F
Angelo|M
layman|M
mukat|M
Dakota|M
GENEVIEVE|F
JOSELYN|F
sri|M
gyanu|M
irsad|F
dhaniya|F
karunakar|M
sandeepa|F
bima|F
monti|F
CONNIE|F
shreeniwas|M
sugar|M
mangal|M
salomi|F
bindu|F
dimple|F
gendi|F
Floyd|M
vishvnath|M
susant|M
jamna|M
surendera|M
alisha|F
shahida|F
chaya|F
shreemati|F
BRYNN|F
Meir|M
YUSUF|M
ramkaran|M
Nicolas|M
bhavana|F
BRODY|M
sujeet|M
pryanika|F
poga|F
Gideon|M
sumesh|M
baliram|M
kusuma|F
sukhdevi|F
subhiya|F
HALEY|F
ALEXIS|M
sitra|F
lajjavati|F
parsann|F
pareeti|F
Sofia|F
OLIVIA|F
Michelle|M
PEDRO|M
nankesh|M
tahira|F
gurdeep|M
mitlesh|M
ABDIEL|M
ramesh|M
himanshu|M
sapan|M
chameli|F
sirish|F
shilpa|F
bigan|F
simran|F
nirmala|F
jalil|M
sukjveer|M
Maya|F
RIFKY|F
Tallulah|F
sadip|M
devdhari|M
shakeela|F
FERNANDA|F
gonsan|M
sube|M
Melissa|F
Adelynn|F
mustkim|M
harbhajan|M
naval|M
ajman|M
rookmani|M
irphan|M
sanoj|F
saksi|F
Camilo|M
Jayleen|F
BENNETT|M
depander|M
aashis|M
dimpal|M
meela|F
Frida|F
phoolwati|F
fulo|F
paryanka|F
mohmad|M
sonia|M
nikky|F
Rifky|F
Nicole|F
Clifton|M
Jon|M
lakhami|M
kaleram|M
NAYELI|F
azaz|M
birajpal|M
punita|F
ganpatram|M
rishabh|M
sonu|M
riyazuddin|M
salman|M
sarvesh|M
nand|M
aagand|M
shayampuri|M
yadho|M
veero|F
karishma|F
megha|F
khushboo|F
rima|F
vijay|F
Jaylen|M
Dillon|M
AYAAN|M
fatma|F
AIMEE|F
rishab|M
nipam|F
fra|F
amrit|F
JADE|F
Benjamin|M
ELLE|F
lallu|M
amlesh|M
manfool|F
Azaan|M
ARELY|F
lehru|M
mohsin|M
shriram|M
Jaziel|M
Yisroel|M
MAKAYLA|F
Dion|M
ishwer|M
krishana|M
nanhu|M
bikki|M
aasim|M
shmejha|F
amana|F
MARLON|M
OMARI|M
asfaq|M
chhanoyar|M
vakila|F
manlisa|F
aneeta|F
FATOUMATA|F
sohel|M
jabir|M
bhole|M
lokender|M
bachcha|M
ashmi|F
KENDRA|F
Jaylene|F
jiwan|M
sandna|F
shgita|F
kismti|F
Clifford|M
JUNE|F
YANDEL|M
peer|M
mandu|M
samsad|F
radikha|F
madhubala|F
Marcus|M
Yara|F
omprakash|M
jairam|M
samir|M
warnakulasuriya|M
sagir|M
ved|M
turveny|F
ajra|F
sneh|F
sanna|F
nishu|F
Duke|M
abhishik|M
santu|F
Steven|M
Lesly|F
KAMIYAH|F
parkash|M
mithelash|M
sayja|F
JULIANA|F
HAZEL|F
Robert|M
ankus|M
yashbir|M
shanjhan|F
Olive|F
satyaprakash|M
arindom|M
ikramuddin|M
Leslie|F
Coty|M
LONDON|F
RORY|M
samima|F
bhagay|F
Adelaide|F
rajeshvr|M
neni|F
JOSIAH|M
Gene|M
Emma|F
sokin|M
nassin|F
kaushaliya|F
vipta|M
kamlajeet|F
ALEXANDRA|F
MARIA|F
vihsal|M
Zayn|M
Bina|F
mannu|M
manikchand|M
chaman|M
avnish|M
pushpa|F
aasu|F
anam|F
revakshi|F
JOHANNA|F
Leonel|M
mushrraf|M
ratni|F
Eliana|F
DIANA|F
jaquir|M
atu|M
Motty|M
SIMCHA|M
tek|M
milkhi|M
nittin|M
jiya|F
maahi|F
Janice|F
Laia|F
parshotam|M
aansu|M
tauseek|M
kriti|F
Alissa|F
TZIPORA|F
OLIVER|M
jahir|M
alis|F
shamina|F
jashinal|F
Mila|F
JULIANNA|F
ROSIE|F
riti|F
YITTY|F
satrudan|M
samina|M
jittender|M
punkaj|M
chela|M
gulsana|F
varisha|F
Edwin|M
Nashley|F
muneer|M
beeru|M
phulkana|F
najrana|F
Nikolai|M
CHESKEL|M
Freya|F
Johnathon|M
JOY|F
shailender|M
akhatari|F
Reed|M
SAMANTHA|F
bhikhari|M
abhinay|M
sadabrij|M
juneb|F
nirma|F
jaimala|F
Lamar|M
Amelia|F
MILEY|F
shneha|F
sukheeya|F
meti|F
Shraga|M
ELIMELECH|M
siddarth|M
munbura|F
nasreema|F
IVAN|M
rajrani|F
aamil|M
lukman|M
NECHAMA|F
Weston|M
Darren|M
taar|M
kirorimal|M
virjiniya|F
FATOU|F
sona|M
vimukt|M
manuja|F
Jarvis|M
Saoirse|F
bajrangi|M
manful|F
HAMZA|M
Tova|F
Linda|F
Leah|F
Issac|M
STEPHANIE|F
Ailani|F
salauddin|M
ranvir|M
incee|F
minakxi|F
Yasmine|F
Saniyah|F
sira|F
Luz|F
Arely|F
aakash|M
bhojaram|M
suresh|M
varsha|F
shika|F
smts|F
tara|F
gilbahar|F
Alison|F
gursimaran|M
molu|M
sattu|F
umang|M
akib|M
shanshak|M
dhanu|M
saviti|F
PINCHUS|M
Walker|M
Bethany|F
raghbir|M
mohsina|F
kamjeet|F
pariti|F
monu|F
ARIELLE|F
Jayson|M
BAILA|F
deepanti|F
dhakhadevi|F
mousam|F
mehfooj|F
Tenzin|F
firasat|M
guruvachan|M
ruhi|F
Blimy|F
mukhtiyar|M
iqram|M
tashkkur|F
Charlie|M
kabir|M
madho|M
koilu|F
devendr|M
JAYLYN|F
jaydurga|F
rizwan|M
girishi|M
gulab|M
sinder|M
subhadra|F
gudiya|F
rita|F
mehronisha|F
archna|F
dvndavva|F
guddi|F
Drew|M
nanka|M
meharuddin|M
chhaterwati|F
samra|F
Rifka|F
Izabella|F
Miya|F
safiq|M
asarfi|M
maniram|M
abhinash|M
AVA|F
HANA|F
Tzipora|F
kartar|M
chhitar|M
promila|F
meenat|F
Marina|F
BEATRICE|F
abdullah|M
harichand|M
EASON|M
mukhtyar|M
istikar|M
daks|M
radha|M
dhamender|M
baichan|M
munia|F
NANA|F
zanmi|M
subato|M
yukilal|F
YESENIA|F
Mia|F
murad|M
perkash|M
noori|F
shamrin|F
Jana|F
Lea|F
ramnihor|M
sourabh|M
param|M
lekose|M
sohil|M
kabal|M
hajrat|M
babita|F
kusum|F
sheelu|F
GREYSON|M
Sevyn|F
Laith|M
chootu|M
kheem|M
saalu|F
SHLOME|M
stifen|M
akansha|F
Makai|M
KEILY|F
jaspal|M
jedu|M
kishana|F
chand|F
Brittany|F
NAFTALI|M
dhurve|M
vaibahv|M
gagandeep|M
reenu|M
zhini|F
Inaya|F
IAN|M
sobit|M
vineta|F
GRETA|F
Miguel|M
Braxton|M
kumod|M
jaismeen|F
batloon|F
Idris|M
haliya|M
Aryeh|M
RIHANNA|F
Roderick|M
mahraj|M
Aliya|F
prince|M
chetan|M
suhel|M
simranjeet|M
vansu|M
nandani|F
pushpanjali|F
khushi|F
""|F
Shlome|M
Zhuri|F
jahgeer|M
bhagat|M
sukesh|M
toquir|M
neelima|F
Lilia|F
ANASTASIA|F
yusaf|M
suchi|F
veera|F
KATE|F
heeralal|M
manjiv|M
poma|M
shyama|M
EVA|F
Aitana|F
kailashi|F
ATARA|F
WILSON|M
Grey|M
ghan|M
rambarose|M
rebecca|F
Feynman|M
BENSON|M
harsh|F
shiv|F
ELLIANA|F
ashad|M
parnav|M
Rylan|M
Danielle|F
ezaz|M
jasvir|F
Jaylon|M
MIAH|F
yaswani|M
hardev|M
laldhari|M
abbal|M
imaman|F
shahnaj|F
JANNAT|F
Beatrice|F
roopsingh|M
goldy|M
golu|M
saddam|M
ankita|F
vandhna|F
rupa|F
farzana|F
soam|F
Lane|M
bhupendra|M
lucky|M
partab|M
neeru|F
tranoom|F
amarin|F
shahnawaz|M
badan|M
gurupreet|F
ashwini|M
chitra|M
manisha|M
mast|M
san|F
DAISY|F
ramsurat|M
opendar|M
abhishekh|M
manimegla|F
Caroline|F
Giovani|M
rada|F
nitika|F
saveena|F
ANIYA|F
ramila|F
Thiago|M
satynarayan|M
darshana|F
irfan|F
Donte|M
samadh|M
rakhi|M
harbas|F
mahvish|F
shimala|F
givinda|M
hoti|M
munajir|M
manash|M
GISELLE|F
ANDREW|M
mayank|M
uday|M
kishan|M
prabhjit|M
nirmaljeet|M
shail|M
tabassum|F
rajani|F
KARLA|F
ALICIA|F
Helena|F
wazid|M
garib|M
suchit|M
shweta|F
hiri|F
PESSY|F
Mordechai|M
jagdeep|M
budhwanti|F
VALERIE|F
Emily|M
Eileen|F
Preston|M
GUADALUPE|F
ramjeet|M
harpreet|M
kishn|M
manjar|M
shakuna|F
katwa|M
kajar|F
ELIANNY|F
DAMANI|M
Rodney|M
aditya|F
shabbenour|F
Giuliana|F
NEVAEH|F
ramsagar|M
partul|M
devanand|M
nesha|F
Francisco|M
Thea|F
jeet|M
jot|M
husnara|F
prabhjot|F
Tracy|M
Kamiyah|F
Judah|M
BRACHA|F
sarju|M
parlad|M
aanya|F
fiza|F
SARAI|F
JUSTIN|M
sujanti|F
kuldeep|M
aslam|M
sajid|M
sabnam|F
sushmita|F
pinki|F
sikha|F
hema|F
sunder|F
KALEB|M
Jaxon|M
parhalad|M
javitri|F
roopali|F
sinaa|F
rajlaxmi|F
MAXWELL|M
harshdeep|M
tamnna|M
shoab|M
parsuram|M
meeta|F
rinesh|F
dord|M
manwi|F
Meyer|M
shahbaz|M
lalaram|M
kirshn|M
kaval|M
siddhi|F
gango|F
amie|F
David|M
ADAM|M
Geoffrey|M
shami|M
kmles|M
kosylaya|F
Zander|M
sakal|M
GIOVANI|M
ISLA|F
Ellis|M
shobharam|M
gudiya|M
ganesi|F
gulbasha|F
Alessandro|M
OWEN|M
LORENZO|M
tasleem|M
amarchand|M
mobarkar|M
JANE|F
ajaypal|M
samsudin|M
sawali|M
rupesh|M
jyoti|M
kanishakraj|M
diya|F
Zyaire|M
harun|M
radhesayam|M
monupal|M
rajdev|M
satwinder|F
salama|F
LESLIE|F
Jason|M
ramhetu|M
amida|F
shamshina|F
navita|F
Quincy|M
daniel|M
praveena|F
dibya|F
fareem|F
dibakar|M
mini|F
Peyton|M
ranjan|M
manjit|M
vithal|M
amri|F
dayawati|F
novisha|F
Javier|M
BRIAN|M
Kaleb|M
maqsood|M
Garrett|M
aatif|M
uttam|M
farhaja|F
asanti|F
maneesha|F
CHAYA|F
SELMA|F
Bret|M
Dallas|M
sitare|M
abhinwav|M
kherul|F
kulwinder|M
amar|M
sunita|F
jai|F
champa|F
nosar|F
Brynn|F
KAI|M
shalig|M
latesh|M
bhawani|F
Isabel|F
Sarah|F
umashankar|M
ghantoli|M
chinu|M
Isabela|F
LEILA|F
Ananya|F
asmat|F
shimpi|F
Katelynn|F
GIOVANNI|M
rubiya|F
Carmine|M
Batsheva|F
Yael|M
KAMERON|M
venkatswaran|M
sehboob|M
bhalaram|M
aashu|F
Ali|M
radhyshyam|M
raspal|M
jeeya|M
ANAYA|F
NIGEL|M
maksood|M
umma|F
Shayna|F
Leela|F
Leyla|F
kalpna|M
naulakh|M
aarti|M
rajit|M
idrish|M
KING|M
CHANY|F
LOUIS|M
ZAHRA|F
Maurice|M
kashish|M
harmeet|F
avantika|F
Julius|M
IBRAHIM|M
Noa|F
sandeep|M
gayatri|F
wilkish|F
momina|F
kulvinder|F
Ayelet|F
Trevor|M
RYAN|F
omparsad|M
mogan|M
Isaac|M
nandita|M
dhmendar|M
Shneur|M
rampaal|M
trijugi|M
manvi|F
pargati|F
KINGSTON|M
MIREL|F
Khloe|F
Sara|F
Layan|F
kiranti|F
mohd|F
harbai|F
ramkanya|F
Riley|F
Nathaly|F
MARGARET|F
mooldan|M
chhinderpal|M
CHARLES|M
syham|M
akif|M
bhrkat|M
hare|M
lisha|F
Claudia|F
pransis|M
amarvesh|M
Aliah|F
ADEN|M
Otto|M
Tony|M
Keanu|M
JACOB|M
daksh|M
nasrudeen|M
KATELYN|F
jaisigh|M
Skye|F
JAY|M
King|M
EFRAIM|M
ankush|M
awdhesh|M
harpal|M
shivam|M
mohanlal|M
vikash|M
deepika|F
isha|F
sonu|F
KRISH|M
mehvish|F
ROBERT|M
Bella|F
sheikh|M
multan|M
rukshan|M
asana|F
LYRIC|F
meharban|M
amarendra|M
somprakash|M
nashim|M
jamaal|M
taniya|F
swagtika|F
ERIC|M
muntjar|M
ridhakaran|M
jafrin|F
sanjay|F
Marquis|M
Leia|F
verendra|M
aabid|M
bhabhiya|F
gulshtab|F
Andrew|M
CONOR|M
Cameron|F
bobby|M
sakib|M
alam|F
JULIO|M
shivyalam|M
lakhamichand|M
nizamuddin|M
mhega|F
Nathanael|M
kifayat|M
bidur|M
birij|M
naseeba|F
chappla|F
Hailey|F
Cassidy|F
MEKHI|M
mukul|M
mahendra|M
parvashi|F
aasa|F
rukya|F
kamala|F
beby|F
reetu|F
himal|M
omi|M
DOV|M
sabhana|F
navneet|M
midda|M
jogender|M
harkesh|M
afsha|F
AISHA|F
ADRIEL|M
Selim|M
Terry|M
nikhleshwar|M
prhalad|M
Arianna|F
EMERSON|F
Jaiden|M
rahil|M
sparsh|M
hazi|M
nanshi|F
nazira|F
Ken|M
ishatkar|M
bhagya|F
FABIAN|M
Rose|F
jaiveer|M
bram|M
veermati|F
lakhwinder|M
joohi|F
CHELSEA|F
AYLIN|F
Mathew|M
ADRIANA|F
Giselle|F
ALDO|M
Muslima|F
umlesh|M
tulsiram|M
not|M
vikrant|M
shkur|M
farjana|F
roshan|F
lakhmi|F
Skylar|F
Princeton|M
deelip|M
bhusan|M
mamoita|F
kaarti|F
shyamvati|F
ADELINE|F
vashisast|M
omprkash|M
tehmina|F
Viktor|M
Raul|M
subhod|M
ashfaq|M
Lucien|M
rohaan|M
elwin|M
mosam|F
pritibha|F
ashwani|F
deeksha|F
Phillip|M
Edith|F
KYLIE|F
kalish|M
ravish|M
para|F
harleen|F
DARIUS|M
Malky|F
sunaina|F
rampati|F
akthari|F
anjum|M
amarapal|M
Elias|M
GIOVANNA|F
Eleni|F
Parizoda|F
YOCHEVED|F
bharkah|F
kalma|F
muni|F
Oscar|M
Marvin|M
javed|M
bishan|M
tulki|F
ritu|F
amrita|F
SHIFRA|F
FRANKLIN|M
vivekanand|M
papa|M
naruram|M
karishama|F
saista|F
Wendell|M
ansu|M
sohib|M
akeel|M
nazneen|F
SIENNA|F
Esme|F
sonali|M
partyush|M
SAVANNA|F
Rosie|F
Guy|M
sauhal|M
muhmad|M
beeuty|F
Cesar|M
sarik|M
supna|F
WESLEY|M
gurdayal|M
panchuri|F
Daphne|F
MARCUS|M
Eden|M
Elina|F
aansi|F
Malik|M
Denis|M
NANCY|F
LILIANA|F
murari|M
govinda|M
banu|F
meethu|F
vandna|F
raksha|F
pareen|M
rajkiran|M
gytri|F
vishnu|F
sayra|F
Donnie|M
Vivienne|F
Nova|F
varsha|M
youraj|M
shekiba|F
gulpacha|F
Khalil|M
ISMAEL|M
ASHER|M
Astrid|F
latoor|M
buhan|M
najmin|F
Jackie|M
KENYA|F
gurprit|M
tulsha|F
bhagwanti|F
vadhi|F
SHIRLEY|F
shafi|M
tanvir|M
razi|M
Gitty|F
LUCAS|M
Olivia|F
Alonso|M
mahindra|M
udaiy|M
bhanmati|F
Max|M
noorjama|M
premjit|F
seeva|F
meetu|F
Eddy|M
ALISON|F
ARMANDO|M
Queena|F
balak|M
sagrika|F
Alexandra|M
shashikant|M
suja|M
sohail|M
sivani|F
prem|F
raghuvinder|F
baby|F
sameem|F
sahaja|F
Tucker|M
muzamiil|M
annu|M
kulsum|F
shanaj|F
chanderwati|F
Bentzion|M
masoom|M
ishika|F
Gavriel|M
henkhochon|M
kush|M
jharna|F
sima|F
ESTHER|F
nasrul|M
name|M
dorilal|M
santna|F
shilly|F
Janelle|F
KAILEY|F
JENCARLOS|M
dilawar|M
jameer|M
babloo|M
mohatter|M
asha|M
JULIET|F
vickey|M
navnit|M
maaya|F
sachi|F
bhakuni|F
ALEX|M
Bernard|M
AUGUSTUS|M
HARRY|M
imaman|M
yograj|M
pappy|F
Greyson|M
Stanley|M
ESME|F
munjira|F
nuraish|F
Jahmir|M
jhuhi|F
JOYCE|F
DEVORAH|F
MARCO|M
Samiyah|F
rasab|M
shikha|M
anikesh|M
sharukh|M
yogender|M
krishna|F
sanno|F
hina|F
ali|F
smt|F
sangeeta|F
JULIETTE|F
RAQUEL|F
umardeen|M
akilesh|M
amzad|M
imsaan|M
zeenat|F
har|F
Ayleen|F
NAOMI|F
Khaleesi|F
kunod|M
rambhool|M
tamsa|F
anandwati|F
LEON|M
shaid|M
durjan|M
tipu|F
jhumki|F
Meghan|F
nana|F
YAEL|F
mum|M
rubo|F
bhanu|F
GIULIA|F
GERALDINE|F
Alisson|F
ADRIANNA|F
nishal|M
muskarn|F
kalwati|F
JEAN|M
Aimee|F
nabav|M
mehruddin|M
Gia|F
Louisa|F
ANDRES|M
abishek|M
bhan|M
jubeda|F
Vernon|M
MARISOL|F
Johan|M
rijvan|M
anamika|F
deou|F
jeevanlata|F
BINTOU|F
KIMBERLY|F
NADIA|F
Clara|F
bhup|M
dipika|F
moona|F
simranjeet|F
abishak|M
shkundla|F
Amira|F
Dave|M
vicakha|F
mudrika|F
ranju|F
CHARLIE|F
SANDRA|F
shamsher|M
sisty|F
ruksaar|F
Kimberly|F
Dale|M
SHLOIME|M
yasar|M
vijendar|M
nirutma|F
nazrin|F
Emilia|F
permeshwar|M
said|M
mercy|F
gulsida|F
ABBY|F
Carmen|F
asgar|M
jaitun|F
Nahla|F
CESAR|M
Dominic|M
sanaullah|M
DESTINY|F
MAURICIO|M
Rene|M
Chiara|F
parvesh|M
aayush|M
akram|M
dilish|F
madhu|F
gunjan|F
manbhari|F
aashma|F
Mikayla|F
Dan|M
Kurt|M
bavita|F
nilam|F
EMILIA|F
NATALIA|F
ajeem|M
Bruce|M
irfa|F
samina|F
TORI|F
Landen|M
seekha|F
nand|F
Derick|M
afjal|M
mula|M
abhisek|M
snjana|F
BRADY|M
manesh|M
makhan|M
nrendr|M
mega|F
Sharon|F
arhiyant|M
nisha|M
alema|F
DAPHNE|F
Giancarlo|M
DEAN|M
SALMA|F
BRAYDEN|M
adersen|M
prakul|M
gulnaza|F
sanam|F
mem|F
Lisa|F
Jaliyah|F
balram|M
saima|F
amita|F
shamshad|M
rantesh|M
gomati|F
noorjaha|F
rame|M
rinju|F
asman|F
Yael|F
MICHELLE|F
Katelyn|F
bhaddal|M
aavesh|M
shadan|M
avnit|M
sabeeha|F
bidami|F
Angie|F
Rebecca|M
ANTONIO|M
Francis|M
ramkumari|M
birgesh|M
suleman|M
sanjan|F
binda|F
eshavarya|F
JAYLENE|F
Tess|F
girdhari|M
husiya|F
Earnest|M
gya|M
biram|M
sheru|M
barakha|F
Kristina|F
Aissata|F
Aminata|F
zenab|F
momita|F
hailena|F
sawarmal|M
girwer|M
rajeev|M
narender|M
Jayden|M
Yousef|M
Aaron|M
Veronica|F
shoukat|M
nasiar|M
justin|M
aanchal|F
sarmeela|F
Diya|F
yasib|M
sukhpreeet|F
AYA|F
rambhajan|M
TZIPORAH|F
ilyas|M
jeetu|M
satvir|M
mahinudin|M
gurjit|M
ramrati|F
hawa|F
MIKAELA|F
Autumn|F
Thierno|M
omprakesh|M
sukh|M
chetanram|M
supyar|F
aaradhana|F
MAYA|F
Celia|F
JOCELYN|F
sadod|M
baldev|M
ashnu|F
YISRAEL|M
himashu|M
mona|M
osier|M
gora|F
jakra|F
divy|F
sharad|M
gurlal|M
surjit|M
furkan|M
aruni|F
MYA|F
Abraham|M
ANGELY|F
kasid|M
chajju|M
rihal|M
mustki|F
sunhara|F
MOISHE|M
Erin|F
JASPER|M
Tavon|M
sita|M
babu|M
kamre|M
lal|M
dwarika|F
parwati|F
najda|F
Antoine|M
Darryl|M
Azariah|F
amuchla|M
kanahiya|M
Lev|M
MOUSSA|M
mudbir|M
istyara|M
rustam|M
Nechama|F
Hannah|M
jitendera|M
haneef|M
shiya|F
Nina|F
Jael|M
raisuddin|M
vipun|M
jitendra|F
Lorenzo|M
redhema|M
aidtya|M
sital|F
dhrama|F
Shannon|M
Amiya|F
Mariah|F
Orlando|M
LAYLA|F
Amelie|F
dharvesh|M
kusumakar|M
rajudi|F
hemuna|F
amrooti|F
laxmikant|M
shaswat|M
emilia|M
keshram|M
susanto|M
snehlata|F
Tatiana|F
REUVEN|M
XIMENA|F
Georgina|F
Messiah|M
JAYCE|M
kushi|F
BATSHEVA|F
Victor|M
Alina|F
Aarav|M
KENNETH|M
prem|M
mujibu|M
rsjesh|M
subham|M
vicky|M
prakash|M
krishma|F
Amirah|F
akhileshwer|M
ishant|M
Jane|F
anash|M
jagan|M
Jake|M
Noah|M
YOUSEF|M
tarbez|M
sarafraj|M
meeramai|F
ADELAIDE|F
Landon|M
tasmina|F
sagit|F
mamt|F
Evelyn|F
LYDIA|F
Pablo|M
nayna|F
Eden|F
Idy|F
LOGAN|M
jaanu|M
sikender|M
Brennan|M
Wayne|M
RONAN|M
Theodore|M
PEREL|F
Devory|F
jamir|M
amrit|M
saurabh|M
sudhir|M
kanhyalal|M
sanju|M
sanjey|M
marya|F
payal|F
rubi|F
reema|F
DULCE|F
Hershel|M
Yonatan|M
Todd|M
Norman|M
Kameron|M
sheeak|M
satyender|M
amanjeet|F
ZAINAB|F
avadh|M
nirja|F
JESSIE|F
Audrey|F
farhana|F
JESUS|M
EITAN|M
shanawaz|M
sanavvar|M
prameela|F
bhanwar|F
Makana|M
JASLENE|F
Anthony|M
Mandy|F
jafruddin|M
saket|M
mantosh|M
gunanidhi|M
mubshshira|F
devya|F
lad|F
shahiba|F
monny|F
Davon|M
ISHMAEL|M
Melanie|F
chander|M
aijay|M
khurshida|F
guddibai|F
anuska|F
parem|F
Giovanny|M
Demetrius|M
ibarhim|M
nooreen|F
sania|F
sushmendra|M
mukund|M
rohitash|M
charan|M
ronak|F
jasleen|F
murshida|F
ISRAEL|M
Isaiah|M
Pat|M
dya|M
dhannu|M
somdath|M
rupender|F
CADEN|M
bhagwat|M
kiriti|F
suresh|F
sakuntala|F
nikil|F
fazin|F
Tomas|M
Valeria|F
GABRIELLA|F
naushad|M
ROSELYN|F
shaboob|M
sukhmit|M
rinki|M
sharat|M
Emmanuel|M
SANIYAH|F
Gregg|M
sukka|M
lovely|M
bintu|M
milka|F
Abdullah|M
arsh|M
akshay|M
prabhu|M
shagufta|M
chanda|F
akshit|M
ranjna|F
mani|F
manda|F
LAWRENCE|M
kawaljeet|M
deba|M
raminder|F
Toby|M
khurshid|M
dharmendr|M
kaamini|F
JAELYN|F
AMELIE|F
Annabella|F
Tim|M
chhotu|M
rajish|M
harak|M
JULIAN|M
MAXIM|M
fazulla|M
mukhtar|M
ariba|F
JARED|M
Fiona|F
farukh|M
MAURICE|M
naimuddin|M
matbar|M
garupal|M
harbansh|M
javade|F
haseena|F
MADELEINE|F
durgalal|M
ashiqu|M
harji|M
JALIYAH|F
laxmanram|M
KENNY|M
rajat|M
nasim|M
aarif|M
piyush|M
nishant|M
shahnwaj|M
reshma|F
razia|F
durga|F
MALACHI|M
DAVID|M
JAMES|M
nandi|M
shivani|M
ramvir|M
dali|F
amritha|F
beragi|M
baljinder|M
Hailie|F
gruchran|M
rattan|M
benu|M
kumresh|M
tilak|M
jankraj|M
mohini|M
abhisekh|M
Abdiel|M
Guadalupe|F
REBECCA|F
Franklin|M
rudra|M
badshya|M
vidhi|F
rajkarnta|F
rupak|M
anubhav|M
Jaylin|M
Rachel|F
FREDERICK|M
sabeer|M
imtiyaz|M
narsingh|M
MAKAI|M
lawli|M
sashi|M
rampayari|F
tahseen|F
Fatoumata|F
Mayer|M
manni|M
chhedilal|M
tajwar|M
piroj|F
fahira|F
Rina|F
CLAIRE|F
ALISSON|F
Yaakov|M
MALAK|F
Diego|M
KASSANDRA|F
Maximilian|M
AMAYA|F
bhupender|M
nagaji|M
bhauk|M
tasveeran|F
sabana|F
bimla|F
fazia|F
Jessica|F
MALIA|F
ALYSSA|F
ashish|F
Judy|F
ALEJANDRA|F
niyaaz|M
ashshwer|M
ramsingh|M
meer|M
JAMEL|M
ZAYAN|M
afzal|M
Fredrick|M
moharan|M
biraj|M
manphool|M
shivangi|F
ramjiyawan|M
rena|F
tiwankle|F
SOPHIE|F
Jeremiah|M
Skyler|F
sundga|F
Clyde|M
Kerry|M
MAXIMILIANO|M
Lian|M
vikky|M
nawal|M
manjinder|F
kamlesh|F
manu|F
LEILANI|F
Liana|F
ESTRELLA|F
Muntaha|F
fharman|M
jagan|F
mehak|F
Trey|M
phoolwati|M
Caitlin|F
puskar|M
lakshit|M
dixya|F
geet|F
AHMAD|M
ADINA|F
yashin|M
karamvir|M
kamna|F
ajnoor|F
tabbsum|F
mahrul|F
nila|F
chetram|M
liladevi|F
RAPHAEL|M
QUINN|F
brijmohan|M
manni|F
MAKHI|M
ARIEL|F
premla|F
Jerome|M
Hinda|F
Natalia|F
prashant|M
satyanarayan|M
deepali|M
arshad|M
lokesh|M
homa|M
Mollie|F
Hersh|M
Arielle|F
Syeda|F
Shania|F
Lucia|F
gul|M
ranjit|M
pratima|F
fooljhnah|F
Enzo|M
MUHAMMAD|M
MOHAMED|M
nadim|M
lokindra|M
veerander|M
ashu|F
Andre|M
Cheskel|M
viriya|M
gollu|M
gulshad|M
sharmili|F
kailaki|F
deepu|F
JULIUS|M
mehboob|M
sharib|M
ruchendra|M
bantu|F
saru|F
malika|F
tanveer|M
lakhraj|M
ajima|F
Lauryn|F
faroj|M
sahrul|F
SHAYLA|F
Jasper|M
arjina|F
shela|F
Micaela|F
Orly|F
Mordche|M
Saul|M
gajender|M
raju|F
anjna|F
mayuri|F
altmash|M
yogeshwar|M
neemi|F
tinvkal|F
Jazmin|F
rihan|M
Mira|F
Aaryan|M
Riya|F
adisan|M
rupender|M
chtarpal|M
dasharath|M
naraini|F
LEA|F
MALIYAH|F
SAMIR|M
HUDSON|M
amjat|M
amrat|F
ratmo|F
utam|M
samadhan|M
premi|F
nenshi|F
Dane|M
Kate|F
sat|M
sanjida|F
husina|F
Lamont|M
kaloo|M
mumtaj|M
asagar|M
nirbhay|M
gul|F
simabharti|F
panmati|F
durgashankar|M
sumalia|F
bironica|F
Quinton|M
kallu|M
tarun|M
bhajan|M
archana|F
nidhi|F
anjum|F
bharti|F
punam|F
roma|F
KELLY|F
Hamza|M
Mason|M
mukkesh|M
pargat|M
jawed|M
Raquel|F
Jamie|M
SANTIAGO|M
Naftali|M
biru|M
papiya|F
gudia|F
badal|M
safiya|F
najreen|F
Musa|M
subburaiyalu|M
mahadevi|F
Kimora|F
Teddy|M
salin|M
koshalya|M
Clayton|M
Dereck|M
rimjhim|F
mohni|F
mehtab|M
prameshwar|M
Jade|F
kangana|F
mehwish|F
deeraj|M
heera|M
yogesh|M
sunny|M
firoj|M
manisha|F
mumtaz|F
nandita|F
Mikaela|F
shsi|M
jagnath|M
padma|F
julfikaar|M
nikkhar|F
javuneesha|F
nurbi|F
gendu|F
ARIELA|F
visan|M
rozy|F
Johnathan|M
mahveer|M
JIA|F
Makoa|M
pyar|M
shumita|F
pawan|F
jaiparkash|M
lakshya|M
lav|M
umrawti|F
santro|F
SHALOM|M
MICHAL|F
veeri|M
shree|F
jaswinder|F
Yandel|M
Lyric|F
kirshna|M
Lara|F
CODY|M
ravinath|M
shakib|M
santrm|M
sultan|M
mis|F
luxmi|F
nirmla|F
LIVIA|F
gurnam|M
kawita|F
Hadassah|F
KAREN|F
Miriam|F
susmata|M
rocky|M
bhismpal|M
tribavan|M
piyus|M
priynka|F
Massimo|M
deepanshu|M
sahdab|M
deepmala|F
sashikala|F
MILO|M
LIPA|M
Angela|F
dhanna|M
Zoya|F
Forrest|M
firoj|F
HEIDY|F
shobhit|M
Allan|M
Yehuda|M
Zainab|F
lllllllllllllllllll|M
ramotar|M
punnet|M
sokat|M
harneet|F
kuntesh|F
ALEXIS|F
Kori|F
Anisa|F
garsh|M
chhotelal|M
sudhama|F
sauni|F
Terrance|M
Jimena|F
Michal|F
goverdhan|M
mangilal|M
shazida|F
mahima|F
radha|F
rajpal|M
amandeep|M
hazrat|M
dharma|F
tony|M
munder|M
kisan|M
Julianna|F
Cade|M
Riva|F
juber|M
keta|F
begam|F
Kailee|F
Kaiden|M
TIFFANY|F
mushir|M
bipnesh|F
anguri|F
Phoebe|F
dharmendra|M
rehman|M
mehinder|M
monish|M
methun|M
imam|M
harbanschauhan|M
anshum|M
Reagan|F
vahab|M
mithu|M
injmam|M
Peyton|F
Evie|F
SKYLAH|F
zuhaib|M
harison|M
darshan|F
anupam|F
dhreej|M
sahadeb|M
inderjeet|M
pervinder|M
shokar|M
ram|F
ladli|F
disha|F
Connor|M
VIVIENNE|F
Shawn|M
manshi|M
jagdiesh|M
rambrij|M
munmun|F
navleen|F
rajkali|F
ravita|F
fareena|F
Lynn|M
Ruchel|F
Kendrick|M
tosif|M
sukhpal|M
tanya|F
amandeep|F
parerna|F
BRIDGET|F
Chelsea|F
Youssef|M
Jace|M
praveen|F
hongsi|F
tapsyum|F
sunpreet|F
Yida|M
pritam|M
samar|M
akansh|M
Juwan|M
Lena|F
seweta|F
ujama|F
Bailey|M
SURY|F
warish|M
shehnaz|F
anadi|F
sawariya|F
gulafshan|F
menadevi|F
Sherlyn|F
nabal|M
imamudeen|M
pallvi|F
CHRISTINE|F
Elaine|F
SYED|M
raeeyan|M
nancy|F
Josef|M
Henry|M
FAIGA|F
HERSH|M
prabhatyashi|M
majunew|M
aayesha|F
Keily|F
joy|M
mazhar|M
anil|M
hemleta|F
bhawana|F
deepa|F
yogita|F
naima|F
kala|F
varsa|F
ELVIN|M
Darnell|M
kishnaram|M
Yahir|M
NELSON|M
Deborah|F
mithlesh|M
binnu|M
radhey|M
subhagya|F
ZISSY|F
PRINCE|M
Unknown|M
GOLDA|F
traun|M
YIDA|M
ekram|M
tarannum|F
dimpu|M
jhora|F
RUBEN|M
Harry|M
Gemma|F
sangeena|F
sahira|F
sampat|F
MORRIS|M
AMIR|M
udal|M
gur|M
preyank|F
TRAVIS|M
hardam|M
jamnaa|F
Sanaa|F
AMINATA|F
Rocco|M
hariom|M
aryan|M
bhawani|M
dalpat|M
sahbuddin|M
birender|M
braj|M
gurdarshan|M
gopi|M
kushmita|F
gopi|F
saroj|F
santoshi|F
anandi|F
Elliott|F
RONALD|M
LILLIAN|F
Heath|M
abdulla|M
mudasar|M
sarwitavm|F
ANDRE|M
ARYA|F
EMELY|F
Abdoul|M
ratul|M
adnan|M
Alisa|F
KIYAN|M
choturam|M
daljeet|M
nachita|F
KEYLA|F
Kade|M
Shreya|F
sukkhu|M
nitish|M
farjanul|F
kanak|F
dropti|F
sheenu|F
halki|F
SHEA|M
mamchand|M
geernish|M
dharmvir|M
sejan|F
Rex|M
arham|M
sahbaj|M
prabhash|M
munny|F
Manuel|M
khanchan|F
Juan|M
bindu|M
lakshy|M
samsida|F
Braden|M
Nathan|M
hasina|M
gheesa|M
vijaypal|M
raju|M
varun|M
sushila|F
Emmett|M
Emaan|F
Conner|M
jagjiwan|M
hukam|M
bulbul|F
shorav|F
ranipal|F
JAYLA|F
Jessie|F
JAEL|M
Nainoa|M
jina|F
ratna|F
Tyrese|M
CHAVA|F
jugal|M
biitu|M
Kimi|M
job|M
pancu|M
ayasha|F
dharmshila|F
ALEJANDRO|M
Arden|F
ranjeeta|F
Jair|M
EMMA|F
achin|M
alahbasri|F
sabrin|F
bharati|F
Caden|M
prmod|M
sohi|F
khushnasiba|F
IDY|F
Sonia|F
Keila|F
saurav|M
sugandha|F
ganeshi|F
moshri|F
zainab|F
ZARIAH|F
shamsuddin|M
sheak|M
choti|F
LITZY|F
chhagan|M
deepender|M
shyam|M
monika|F
minakshi|F
sarita|F
sheetal|F
vashila|F
Mahnoor|F
Roman|M
Filip|M
rohtash|M
fakerey|M
mahabir|M
poneem|F
ALEC|M
AMALIA|F
Melody|F
KAELYN|F
Alessandra|F
tavraj|M
Vivian|F
Demi|F
gurjeet|M
suraj|F
shakun|F
shakeena|F
ramwatar|M
abhiraj|M
udita|F
noore|M
bijander|M
gutam|M
saddiq|M
ranita|F
pista|F
smariti|F
diwansi|F
KEVIN|M
nisar|M
bhupesh|M
urendra|M
shyamlal|M
ashsish|M
najimuddin|M
dineesh|M
pratap|M
dilkhush|F
safika|F
monini|F
Arisha|F
JOLIN|F
randeep|M
devashish|M
bharma|M
sehjamal|M
vibhash|M
amrika|M
pinkoo|M
mahipal|M
kamala|M
kumari|M
shah|M
andhav|M
rajneesh|M
junaid|F
renu|F
kirti|F
soonam|F
gulwasha|F
mashli|F
Quinn|F
Dylan|M
sirazudeen|M
parvej|M
sammiuddin|M
jagpati|M
vedehi|F
jaishmin|F
lashma|F
Connie|F
ganeshi|M
nasir|F
krashna|F
Camilla|F
LEAH|F
Noemi|F
leela|M
kalyani|F
ZACHARY|M
shur|M
vichitra|M
mintu|M
sohaib|M
BLIMA|F
Serena|F
ELSA|F
Jasmin|F
dharmendera|M
moolchand|M
pratiksha|F
namarta|F
ANGEL|F
Payton|M
ramesh|F
majrula|F
Amanda|F
Sima|F
vansh|M
Harley|F
Beau|M
sunali|F
Reid|M
Kai|M
dipanshi|F
afrina|F
govind|M
jitendr|M
gouri|M
biwa|F
ruji|F
gauri|F
JULIA|F
ARIANNA|F
NEHEMIAH|M
Elijah|M
shahib|M
vijaya|F
satyavati|F
jenny|F
akbari|F
Sariah|F
baggusingh|M
priju|M
gulista|F
JORDAN|F
Emil|M
Alexis|F
lucki|M
swadhin|M
samrin|F
harana|F
Luke|M
KATHRYN|F
bupal|M
hariram|M
ujjair|M
vajid|M
nimmy|F
laja|F
prayatan|M
rucksana|F
JENNY|F
Amber|F
Malak|F
mamanbai|F
taitra|F
vidhya|F
shahrish|F
tripti|F
Yaseen|M
AMBER|F
MATTHEW|M
Evan|M
Jaylin|F
Elya|M
nensi|F
nafisa|F
akheelesh|M
akhlaq|M
lavali|F
rennu|F
seeta|M
hari|M
rajendra|M
vishal|M
rupan|M
veerpal|M
firdosh|F
jesmin|F
sanju|F
kanku|F
rozina|F
sadhana|F
chhagana|F
tabasum|F
bhagwati|F
Rashad|M
AVIGAIL|F
ANTONIA|F
Malika|F
vasuki|M
suneta|F
Nathalie|F
MARIAH|F
JELANI|M
harbinder|M
budhan|M
khetra|M
Lily|F
Janiya|F
Thomas|M
kaptan|M
khamchand|M
harendra|M
goldy|F
anwari|F
bitto|F
juhewuddin|M
shaurabh|M
misbah|F
Henchy|F
bobbi|M
Jocelyn|F
jarim|F
JAMIR|M
danish|M
sahib|M
vanish|M
iqra|F
rozi|F
nazir|M
gyanender|M
dhalchand|M
khumlo|F
rabita|F
raishma|F
rojmen|F
sarabjit|F
Elisa|F
divaraj|M
subash|M
jasbir|M
AUBREY|F
ZARIA|F
silpa|F
Parker|M
tajuddin|M
kashiram|M
sarabjeet|M
deepka|F
RILEY|M
Aidan|M
musibat|M
TANISHA|F
stephen|M
manful|M
umda|F
JOHAN|M
gulashan|M
tundiram|M
Joaquin|M
Kaden|M
altab|M
agrej|M
sahabbudin|M
danveer|M
namra|F
neeti|F
bushra|F
Liba|F
abu|M
neeraj|M
asrf|M
giri|M
mariyam|F
krishan|F
Rahaf|F
hom|M
jantarpal|M
alkesh|F
AWA|F
Jazlyn|F
FINN|M
SANIYA|F
bholaram|M
shaymu|M
halkuji|M
gurucharan|M
gulafsa|F
FRADEL|F
FRANCESCO|M
manoish|M
azruddin|M
devendri|F
Mohammed|M
Jamie|F
JULISSA|F
sodan|M
fulmiya|M
naveeda|F
kehkasha|F
BLAKE|F
manmeet|F
Gabriel|M
omjone|M
kamar|F
vandita|F
LARRY|M
Danna|F
MACKENZIE|F
SKYLA|F
ELIANNA|F
Saige|F
razim|M
guddo|F
veshali|F
magat|M
jhunna|F
GENESIS|F
Frady|F
dharmandra|M
najni|F
Emmanuella|F
divy|M
vijesh|M
rahul|M
babuddin|M
nazreen|F
mamta|F
Trinity|F
MICAH|M
Ralph|M
prkesh|M
Kaylie|F
MAE|F
ALMA|F
chhabi|F
mithi|F
jeeren|F
gunja|F
barkat|M
diwakar|M
JUAN|M
cheddi|M
priyaki|F
shaira|F
HARMONY|F
LAUREN|F
Eloise|F
ibrahim|M
bhojpal|M
nakul|M
rinka|F
BELLA|F
taslim|M
sayada|F
spana|F
anekha|F
Hanna|F
bhavesh|M
naval|F
CARTER|M
bajrang|M
banti|M
sumemtra|F
budhram|M
jishant|M
aazad|M
vijeta|M
babbu|F
nathu|F
ashish|M
munender|M
ramu|M
azim|M
satyam|M
tanuja|F
lila|F
sumitra|F
pryanka|F
MADELYN|F
DEVORA|F
hani|M
rajna|M
sorav|M
Eduardo|M
Ariel|M
budho|F
arshla|F
Kelvin|M
Gabriella|F
Trent|M
shipra|F
DANIELA|F
CHAIM|M
mousin|M
sunaina|M
JANUEL|M
JAHMIR|M
Emma|M
omveer|M
chinki|F
ABDUL|M
ajahar|M
rajjit|M
sudarshan|M
bhrat|M
sharmila|F
shila|F
Nylah|F
Maia|F
jeevan|M
shani|M
bishun|M
paramjit|M
shrikant|M
sajmeen|F
long|F
kushma|F
SHAYAN|M
SHERRY|F
ZION|M
Ayala|F
peenu|F
rosina|F
kasumbi|F
Drake|M
FRANK|M
TZIVIA|F
ansar|M
abhimanu|M
dharambir|M
shahnawaj|M
sarojani|F
vasu|F
soniya|F
rihana|F
rajenderi|F
Rena|F
Destiny|F
dhiraj|M
panchma|F
najarana|F
Malka|F
JAZMINE|F
AXEL|M
THEODORE|M
Rafael|M
jaykumar|M
shaifali|F
manti|F
ramender|M
shobina|F
moharan|F
hansa|F
Tzvi|M
JASMINE|F
deep|F
Anayah|F
ayan|M
raghuvir|M
jasvant|M
bhartendu|M
gulafsha|F
BROOKLYN|F
ELIJAH|M
hem|M
harprit|F
sahawaj|F
parmjeet|F
ROCHEL|F
laxminarain|M
taufik|M
Mauricio|M
Jordan|F
ammar|M
shatish|M
salu|F
nilofar|F
adiba|F
soyab|M
indira|F
kasish|F
FELIX|M
lilu|M
anand|M
sukhdev|M
karishan|M
rukhsna|F
aktri|F
sayara|F
LUKAS|M
Luka|M
isharar|M
RAIZEL|F
KIRA|F
Ameer|M
ashiya|M
tanuja|M
sehbaj|M
shqakuntla|F
juber|F
Jaylah|F
Rayyan|M
YOSSI|M
naulesh|M
laxami|F
Kyler|M
DAMIEN|M
buity|F
tejvir|M
sardhu|M
bada|M
manmath|M
gangaram|M
karandeep|M
jhuma|F
asgari|F
Tianna|F
Ellie|F
Moishe|M
Hanley|M
Eddie|M
jatan|M
vilram|M
katyayani|F
CAMILLA|F
NYLAH|F
mamu|M
satbir|M
krishan|M
girish|M
harees|M
succha|M
rishi|M
ekta|F
minakumari|F
harpreet|F
Aylin|F
jagbir|M
kanchn|F
shilu|F
Liliana|F
kauva|M
padam|M
lokesh|F
Julia|F
Kehlani|F
nadir|M
murarilal|M
baljeet|M
lavkush|M
kuparth|M
uzma|F
ntasha|F
RIFKA|F
Maliyah|F
satveer|M
bahart|M
nasima|F
nicharon|F
Kelly|M
parjinder|M
shishram|M
abrar|M
pammi|F
chhano|F
naviya|F
YEHUDIS|F
MAXIMO|M
kalla|M
sam|M
phalguni|F
AAYAN|M
kulbir|M
chnada|F
vijaynti|F
AYANNA|F
Sammy|M
shavitri|F
moka|F
Fatima|F
Hector|M
manju|M
jagir|M
sabra|F
husainpreet|F
COLE|M
yash|M
moolchul|M
rajiv|M
happy|M
rana|M
kavit|M
shiteel|F
kiran|F
parsi|F
tamana|F
gufran|M
joholal|M
samiron|F
kesnata|F
Brent|M
rambhul|M
mehrunisha|F
Maite|F
JONATHAN|M
Nia|F
Kobe|M
ELIYAHU|M
Devoiry|F
rakkibhul|M
ganita|F
albina|F
DARWIN|M
ISABELLE|F
FERNANDO|M
Fraidy|F
gahnshyam|M
Otis|M
Sasha|F
LENNY|M
RIVKA|F
Emir|M
Anna|M
shahboob|M
deepa|M
aanil|M
mustafa|M
harwindra|M
sumaila|F
shabnur|F
Kieran|M
Jenny|F
ramvihar|M
sidhant|M
kesar|F
ISSAC|M
mohak|M
badri|F
philomina|F
aisha|F
EMANUEL|M
aakib|M
nayamati|F
KAIDEN|M
Yoel|M
ratan|M
harsh|M
jalaluddin|M
devraj|M
nagma|F
husana|F
kumari|F
Leo|M
taramati|F
kamta|F
Ikaika|M
Harrison|M
Jacoby|M
laka|M
satnarayan|M
jasoda|F
shanu|F
JEREMIAH|M
sadur|M
bivla|F
ASHLEY|F
MARQUIS|M
trilok|M
shivraj|M
sudan|M
aasish|M
pancham|M
Shia|M
baleshwer|M
tanuj|M
begumpur|F
gyarsi|F
shenaz|F
MARGOT|F
KIARA|F
Duvid|M
santi|M
shyad|M
aardhna|F
MOLLY|F
Ronnie|M
bhadur|M
atiq|F
Kanoa|M
HECTOR|M
ruksar|M
aamod|M
jeba|F
mairi|F
Alexa|F
hanumanram|M
Mamadou|M
SOLOMON|M
NATALY|F
schin|M
sarfraj|M
monu|M
roshanlal|M
ganga|M
tunda|M
yashwant|M
arif|M
saranthem|F
jhanjhariya|F
bhawna|F
dolo|F
Marlowe|F
DOMINICK|M
Isabella|F
ashmin|F
doly|F
kafia|F
rangeeta|F
groti|F
Angelique|F
omesh|M
YECHIEL|M
puspender|M
fitrat|M
jodhi|M
RAINA|F
Winston|M
YECHEZKEL|M
Armando|M
RODNEY|M
dil|M
dharmbir|M
gyanwati|M
kbeta|F
rachpreet|F
kesha|F
Phoenix|F
JAXON|M
munsi|M
baidnath|M
rinky|F
shukla|F
Kiera|F
Mekhi|M
bandani|F
veejita|F
muskaan|F
Finley|M
Rivkah|F
suma|F
PINCHAS|M
doulat|M
narander|M
ranbir|M
fhaishal|M
kimat|M
parveen|M
minder|M
ramnath|M
jeete|M
vishanu|M
nizam|M
sunil|F
tapsam|F
shanti|F
jasbir|F
khushnudi|F
ARMAAN|M
Kiara|F
Aziza|F
fahija|F
chitranjan|M
mahak|M
janwi|F
Jose|M
JADIEL|M
mali|M
muskhan|F
saidas|M
bhanwar|M
bhudev|M
vijendra|M
Giuseppe|M
Francesca|F
shanu|M
Colton|M
Clint|M
amina|M
shailash|M
bachhu|M
Alvin|M
Ezequiel|M
ZEV|M
annavi|F
aaenab|M
gamer|M
masheen|M
ishmita|F
Jonathon|M
neelajan|M
iesha|F
Miles|M
sarthak|M
asfak|M
narayan|M
yashpal|M
aaftab|M
guddu|M
kusumlata|F
saraswati|F
pinku|F
shushila|F
bala|F
Bryant|M
Andy|M
Maxim|M
KYLE|M
JEFFREY|M
MILAGROS|F
Samantha|F
Eva|F
narinder|M
munnakumar|M
NOLAN|M
Nathaniel|M
ahmad|M
satyapal|F
indta|F
majoo|F
afrin|F
Simi|F
GEMMA|F
bhemji|M
akhlesh|M
meenakashi|F
Kenzo|M
Magaly|F
usha|M
sazid|M
twinkil|F
begum|F
buchhi|F
Ethan|M
Lina|F
yognder|M
anaro|F
Alexandria|F
Ibrahim|M
DANNA|F
jagdeesh|M
manver|M
niti|F
nilesh|F
Vincent|M
KENNEDY|F
jagviri|F
shakutal|F
Aliyah|F
SETH|M
Violet|F
Miracle|F
adi|M
raveena|F
neeta|F
hoor|F
Loren|M
shahnabaz|M
Megan|F
bansilal|M
sajida|F
niksiya|F
foolmaya|F
safali|F
khubi|M
samit|M
pallu|M
dhola|F
tabbwum|F
sonal|F
puranmal|M
aswin|M
ajnabi|F
Sam|M
Royal|F
binja|M
bhala|M
nooralam|M
subhodh|M
Darwin|M
Raizel|F
dhanjay|M
kanchaniya|F
Ernest|M
akhlish|M
harinder|F
palvi|F
shyamveer|M
patan|M
maksud|M
kokil|M
urvarshi|F
Eliot|M
Cyrus|M
bundhu|M
shankar|M
basanta|M
charanjeet|M
pawan|M
munni|F
ashra|F
khooshboo|F
masum|F
rakhee|F
GITTY|F
DANTE|M
ANNE|F
JANIEL|M
YIDES|F
juvel|M
terence|M
sonam|M
vikki|M
gungun|F
Andrea|M
bhajju|M
anarkali|F
sehjal|F
Zackary|M
Remy|F
akshat|M
himmat|M
kayum|M
sawan|M
bir|M
jya|F
juna|F
Felipe|M
Joey|M
felicia|F
subani|F
jannat|F
partima|F
raisha|F
madhvi|F
IZAIAH|M
DOVID|M
lukkad|M
aishwarya|F
EVE|F
surat|M
rahim|M
bisto|M
CAMERON|F
Isiah|M
MCKENZIE|F
rayish|M
Stella|F
sahnawaz|M
sakhichander|M
pankaj|F
MARIAMA|F
Aicha|F
Paloma|F
Wilder|M
Clinton|M
Rihanna|F
santosh|M
khokan|M
gourav|M
nanak|M
anu|F
manormapal|F
purnima|F
nirmal|F
mohinuddin|M
farid|M
kesri|M
kishmat|F
Delilah|F
keval|M
shakar|M
veerendra|M
SHOSHANA|F
CHASE|M
dharampal|M
shayma|F
Fishel|M
Seth|M
Julian|M
Ahuva|F
Andres|M
devesh|M
pavitra|F
EDWARD|M
Zaiden|M
Arleth|F
Finn|M
udaiveer|M
nibha|F
Gustavo|M
Mindy|F
AURORA|F
amna|F
sarangthem|F
FIONA|F
Rivka|F
MOSES|M
EDDIE|M
love|M
harman|M
JAKE|M
YEHUDAH|M
ghisaram|M
soona|F
sayeri|F
anshul|F
DYLAN|F
Rick|M
ELLIOT|M
riyajuddin|M
tolaram|M
ankeet|F
ALBERT|M
khadak|M
sukar|M
amrudin|M
manjeet|F
janvi|F
chandani|F
tannu|F
komal|F
shalu|F
samreen|F
nazma|F
Aviel|M
Jamir|M
DORIS|F
guljar|M
laxmi|M
kushum|F
Anabelle|F
tariq|M
ramjan|M
bachu|M
mahud|M
veerpal|F
seelam|F
jasmen|F
dipa|F
Jimmie|M
Shalom|M
eldro|M
bhavisaya|M
dipansu|M
sehnaj|F
Yeshaya|M
nijamudeen|M
hasim|M
randheer|M
Emerson|F
JUNIOR|M
Melvin|M
jagjeet|M
nazirul|M
sundari|F
Alana|F
chandrram|M
jitander|M
premawati|F
pooga|F
TATIANA|F
AUDREY|F
AIDAN|M
Belen|F
etahsaam|M
danista|F
shushree|F
JUDAH|M
sarfaraj|M
Egypt|F
CRISTOPHER|M
abhishiek|M
badrudeen|M
DREW|M
ADDISON|F
MADELINE|F
jaideep|M
saleem|M
bajinder|M
savita|F
ranjana|F
shobha|F
radhika|F
Frimet|F
anjeev|M
fazaley|M
KYLEE|F
mamta|M
bhuvneshwar|M
jagdamba|M
ismaliye|F
hemani|F
Lyla|F
sehran|F
Chandler|M
HINDA|F
manpreet|M
sultana|F
Hawa|F
Liah|F
rajuddin|M
praful|M
Gordon|M
Alanna|F
Michelle|F
Valentina|F
Daniela|F
usman|M
sorbh|M
inkoo|M
konti|F
Nosson|M
satyvrat|M
poornima|F
binu|F
Ari|M
abhi|M
gurupreet|M
kaishav|M
switi|F
Clark|M
Brady|M
Jahir|M
Hannah|F
fanni|M
dhrampla|M
virwanti|F
Pedro|M
deni|M
bhagvati|M
surender|M
santram|M
amuda|F
nehal|F
gulab|F
shital|F
mangi|F
JANIYAH|F
silender|M
amiri|M
krishana|F
ELUZER|M
muntiyaj|M
shalender|M
nahid|F
julee|F
dhanwati|F
rahnuma|F
mithlesh|F
ALEXANDRIA|F
rajbala|F
lada|F
Luis|M
meeta|M
benjir|F
Collin|M
EMMANUEL|M
lalu|M
vikshi|F
koyal|F
yaksh|M
mittopuri|M
HINDY|F
FREDDY|M
Alejandro|M
Jariel|M
divaie|M
zuveb|M
swarn|M
jubaira|F
kamni|F
Layla|F
ESTY|F
pratul|M
bhavuk|M
firakat|M
gali|F
Jakub|M
Charlie|F
Lana|F
Colin|M
KELVIN|M
Tyree|M
SHNEUR|M
LILA|F
satyadev|M
kunj|M
Allen|M
lala|M
Logan|M
bahadur|M
jomiya|F
deepshikha|F
Chris|M
AMARE|M
barj|M
SARIAH|F
Eliyahu|M
sharee|M
chhotudevi|F
ashrabi|F
Arye|M
MELVIN|M
shadhik|M
vedh|M
sajda|F
Shloime|M
Kingsley|M
Scott|M
premnarayan|M
shambu|M
mohad|M
riju|F
devki|M
yoginder|M
yashmin|F
ramwati|F
karima|F
sangram|M
dharamvir|M
nazibuneesha|F
madhwi|F
GRACE|F
SOFIA|F
Daisy|F
bagga|F
busness|M
gulran|F
rajl|F
TIANA|F
Rehan|M
naveen|M
abid|M
rehaan|M
tuka|M
himansu|M
inder|M
moni|M
mahlikka|F
kalawati|F
piyari|F
Kevin|M
Reina|F
SEBASTIAN|M
Ilana|F
vaishanvi|F
aarushi|F
JOAQUIN|M
Menachem|M
rinkoo|M
khuma|M
parteek|M
tavinder|M
angan|M
bulet|M
chotu|M
harbir|M
ratani|F
bishana|M
prashansa|M
fazaz|M
dhapu|F
gurcharan|M
sheikhsai|M
diti|F
tapender|M
sahjad|M
chanderbal|M
duni|M
rachnu|F
dolley|F
SANAA|F
Aron|M
Nashly|F
samman|F
hira|F
ompati|F
HELENA|F
TINA|F
nagender|M
aravind|M
sakil|M
lakh|M
miss|F
prinkaya|F
tanvi|F
veena|F
leelawati|F
noor|F
sarshwati|F
sona|F
ganga|F
JENNA|F
dwarka|M
meena|M
vinaysingh|M
namita|F
Jimmy|M
ZAYDEN|M
iqarar|M
konika|F
Yitty|F
bhudevi|F
ARI|M
Zara|F
sahajad|M
shahnaz|F
father|F
aanand|M
malkiat|M
shanta|F
wajuddin|M
mannulal|M
pinkey|F
daljit|F
krishen|M
MANHA|F
NIKHIL|M
balaram|M
sahid|M
shubhm|M
himansi|F
beena|F
puspa|F
roopa|F
vinna|F
jamna|F
NATHALY|F
MELANY|F
Justin|M
vaseem|M
kalpadma|M
prafhool|M
shankarlal|M
saroja|F
vinod|F
ROHAN|M
ANNABEL|F
Carina|F
sajruddin|M
jasveen|M
niwas|M
chandi|M
dhawal|M
saana|F
anzum|F
kanhaya|M
sapna|M
Jackson|M
chamanlal|M
Ibrahima|M
Skyla|F
JAZLYN|F
PRESTON|M
ratn|M
mehbob|M
morki|F
pushpan|F
Hendy|F
tufail|M
jaibhagwan|M
bhart|M
nupur|F
tanvir|F
Bryan|M
nazima|F
River|M
Dulce|F
Mackenzie|F
hakimuddin|M
yudhbir|M
manoj|M
sharanjeet|M
bhanu|M
nabila|F
Arian|M
tirath|M
pramjot|M
sharuna|F
tisha|F
fara|F
siya|M
baudi|M
islamudin|M
musrat|F
nisat|F
jayotli|F
Jennifer|M
chaturbhuj|M
kulina|F
Jeff|M
gurpreet|F
koshlya|F
kumarage|F
meva|F
Michael|M
Laila|F
allaraji|M
lok|M
goruav|M
oma|F
BENZION|M
Nusrat|F
geetu|F
shabila|F
Mike|M
Nolan|M
Aaliyah|F
rukhsar|M
dowlat|M
raisingh|M
jareena|F
Silas|M
benay|M
nakched|M
pardeshi|M
rinka|M
Devonte|M
Aiden|M
jimmi|M
laxman|M
rani|M
subhapal|F
birmati|F
sandya|F
sayana|F
kranti|F
chitprit|M
lali|M
kohinoor|M
SEKOU|M
aamin|M
raghubeer|M
gurubaksh|M
nargesh|F
shanichari|F
rehan|M
jony|M
bhotra|M
Shmuel|M
ETHAN|M
Iris|F
atanu|M
shima|F
swetha|F
Safwan|M
BEN|M
Elimelech|M
yaman|M
geesa|M
Grace|F
Joel|M
rasmi|F
Jacky|M
najubai|M
shanwaz|M
rizwaan|M
HERSHEL|M
Keaton|M
SAMI|M
MENDEL|M
babar|M
jisu|M
SEAN|M
Alisha|F
kirpa|F
Zoey|F
liyakat|M
manav|M
sanjeev|M
anish|M
firoz|M
anokha|M
ilema|F
geeta|F
Shira|F
Emerson|M
Mark|M
Zaniyah|F
Josiah|M
binpal|M
kaushal|M
prema|F
shalid|M
nikahat|F
daveena|F
chhavi|F
sna|F
ANIKA|F
Rivky|F
nain|M
mam|F
radheyshyam|M
bhagwati|M
prya|F
RAYYAN|M
CARMELO|M
SELENA|F
JOSEPH|M
nandkishore|M
bilkis|F
man|F
Eliezer|M
Barry|M
suraja|M
manjesh|M
deep|M
susila|F
punia|M
guni|F
Wilson|M
Bodhi|M
Carly|F
JOEL|M
Sincere|M
ESMERALDA|F
chndrakla|F
suntia|F
nini|F
Romy|F
ravi|M
shi|M
devender|M
tausin|M
anjli|F
farah|F
shittal|F
anjana|F
premwati|F
ELVIS|M
Saif|M
attar|M
arajun|M
jebi|F
anja|F
Zayan|M
rajputra|M
joginder|M
samad|M
bhoori|F
najis|F
Aditya|M
CHRISTOPHER|M
gaffar|M
nootan|M
atta|F
devideen|F
anjani|F
sagiran|F
ERIK|M
STELLA|F
Isis|F
Caiden|M
rauf|M
ujjawal|M
jaivanti|F
Milania|F
KAYLEIGH|F
SORAYA|F
ashak|M
amjad|M
sandip|M
parmjeet|M
LAZER|M
JERMAINE|M
mahfooj|M
Jonah|M
milan|M
mangla|M
kamrudeen|M
shaving|F
ANNABELLE|F
Jaycob|M
aakar|M
Helen|F
Devorah|F
ESHAL|F
Randolph|M
SONIA|F
baban|M
jaipal|M
satrohan|M
mosim|M
chhanya|F
LANA|F
Gaia|F
Damari|M
ARIANA|F
albaksha|M
navi|M
paro|F
teja|F
Diana|F
Billie|F
ZURI|F
vitan|M
tunni|M
jasina|F
QUEENIE|F
Amara|F
begraj|M
garv|M
veepinchand|M
golden|F
amirul|F
shivnath|M
nagendra|M
asmin|F
Itzel|F
Maxwell|M
Samir|M
MICHAEL|M
Kailyn|F
fakiha|F
TARAJI|F
MOHAMMAD|M
MELANIE|F
ranju|M
binnu|F
hemraj|F
Hadley|F
twenkle|F
Hudson|M
Derrick|M
nishith|M
bunti|M
ikrar|M
noora|M
dhramveer|M
papu|F
BIANCA|F
amol|M
jgdish|M
feru|M
kanchi|M
Anaya|F
sukhbir|M
mho|M
surendra|M
hasan|M
fareen|F
afsana|F
rukmani|F
lali|F
Glenn|M
chunnu|M
MARVIN|M
FRANCISCO|M
SABRINA|F
sukul|M
reeti|F
shahin|F
rehmati|F
Antonia|F
naina|M
sorab|M
tepu|M
Chad|M
Veer|M
Dana|M
hazari|M
moin|M
ramdhani|F
jenifer|F
ALISHA|F
Anahi|F
samsung|M
deeya|F
hudi|F
sainky|M
gufraan|M
gajana|F
Erick|M
MARK|M
khubchand|M
nanu|M
surajmal|M
sharmistha|F
rubbina|F
yashsvi|F
ajim|M
lawrence|M
laksh|M
MARIAM|F
satan|M
swapanesh|M
sayari|F
ram|M
nenhe|M
arjun|M
mantu|M
anoop|M
sanwar|M
shama|F
raj|F
sonam|F
Bradley|M
wareesha|F
anshiya|F
hamid|M
sukhbeer|M
puspendar|M
sabiya|F
ekamjeet|F
baljeet|F
sithal|F
fahim|M
dashrath|M
shanaz|F
lushi|F
SKYLAR|F
Madeleine|F
sakcham|M
Jonathan|M
Conor|M
utkarsh|M
shahjad|M
SALVATORE|M
azhar|M
sangit|M
istyak|M
pushpender|M
muksndi|M
rupen|M
ahmed|M
risabh|F
tabssum|F
aparna|F
JADA|F
prankur|M
anurudh|M
sandha|F
Desmond|M
pari|F
Carla|F
Austin|M
THEO|M
Ezekiel|M
narpendra|M
piuesh|M
chertamani|M
jasiram|M
haseem|M
upender|M
balbir|M
devinder|M
udmai|M
aesha|F
jyoti|F
Carl|M
Nelson|M
shazad|M
gulfasa|F
girijarani|F
SARAH|F
Moises|M
LILAH|F
DANNY|M
BONNIE|F
iarfan|M
mikel|M
runiya|F
raman|F
prabhu|F
bahnu|F
rojmeri|F
NATHALIA|F
Holden|M
Stacy|M
dhuruv|M
rony|M
khajan|M
tanushri|F
Amadou|M
bhumika|F
Shaindel|F
dular|M
ziyabul|M
sudma|F
anupuma|F
yespal|M
jhawar|M
tilakraj|M
ahupendra|M
surti|F
mjudi|F
Tate|M
DERICK|M
jamad|M
meghu|M
julekha|F
nanveet|F
Norah|F
Tehila|F
TALIA|F
Sahil|M
AMINA|F
sanjai|M
gokul|M
Blake|M
kamal|M
pavan|M
khusbhu|F
Madelyn|F
ganpati|M
davinder|M
banshi|M
babul|M
moham|M
aarju|F
frra|F
Hunter|M
SUBHAN|M
Jewel|F
Katherine|F
dakshina|M
Omari|M
skunatla|F
asharani|F
triveni|F
gurmit|F
JARIEL|M
HAYLEE|F
Abe|M
karmveer|M
najira|F
revti|F
Hershy|M
chiranjavi|M
Imran|M
Jessie|M
udesh|M
nayan|M
braham|M
jon|M
tiwnkal|F
shahzadi|F
Leanna|F
Adelyn|F
Everett|M
Kayleen|F
BRIANNY|F
MATHEW|M
munnu|M
dhrmveer|M
farana|F
bunty|F
JEFFERSON|M
Courtney|M
Cooper|M
shashank|M
mukesh|M
suman|F
manpreet|F
laltia|F
rekha|F
Ricky|M
mustak|M
Zaid|M
DARIEL|M
Camila|F
rup|M
anikt|M
DERRICK|M
MELISSA|F
Carlos|M
Maddox|M
Nikita|M
Ray|M
Scarlet|F
Stephen|M
LIAM|M
nipun|M
chanchl|F
ALANA|F
VALERIA|F
shakhtnsana|M
rameshwer|M
rati|M
bhud|M
alma|F
rajo|F
satbir|F
saneha|F
ABDOUL|M
Zabdiel|M
SELINA|F
subesh|M
seeriya|F
Syed|M
Yossi|M
Mckenzie|F
nannu|M
munni|M
khshbu|F
TZIPPY|F
raud|M
bsram|F
Mushka|F
BRANDON|M
visham|M
somi|F
Julie|F
Toby|F
dhananjay|M
vikas|M
ghaseeta|M
lakki|M
prasant|M
bhavna|F
najma|F
mumtaj|F
meera|M
mhoomad|M
nej|M
neaha|F
indara|F
Margaux|F
dilbar|M
tapan|M
nida|F
Greg|M
MAXIMILIAN|M
ARIA|F
dakshya|M
bharatlal|M
sahana|F
purva|F
surekha|F
Eason|M
JAD|M
jishan|M
Nico|M
deewan|M
shahbuddin|M
fozia|F
ARTURO|M
kanki|F
panchoo|F
twinkal|F
Yassin|M
GIADA|F
Ruben|M
LEANDRO|M
pardhuman|M
durgabai|F
Zariah|F
hiramani|M
kalusingh|M
samiya|F
heera|F
onginye|F
Maimouna|F
Braylon|M
surindera|M
shagufta|F
LARA|F
ramchandra|M
shivkumari|F
beni|F
Kadiatou|F
bahrat|M
shoan|M
jahoor|M
kum|F
supriya|F
hagami|F
kokila|F
Rowan|M
Hugh|M
MILES|M
ramdhin|M
BRIELLE|F
Mohamed|M
Lazer|M
dolat|M
Victoria|F
GIOVANNY|M
Maggie|F
yatin|M
nawaz|M
NOAH|M
yusuf|M
viraj|M
samoti|F
AHMED|M
palaram|M
sadab|M
lta|F
Mikael|M
Jayceon|M
Yachet|F
brahmanand|M
danwati|F
nesha|M
ranpal|M
ugma|F
masuma|F
vasiya|F
Barbara|F
AIDEN|M
William|M
pemaram|M
gajendra|M
dara|M
babli|M
salim|M
ajit|M
vipin|F
gulshafa|F
lovely|F
rajina|F
Shaindy|F
rahmat|M
charnjeet|M
radhabai|F
Arvin|M
Bria|F
JANICE|F
Nayla|F
SIDNEY|M
Ava|F
Elisheva|F
KELSEY|F
ganpat|M
reetima|F
piryanka|F
kunti|F
Zelda|F
khalidur|M
nooralha|M
dhramender|M
Levi|M
KYMANI|M
parsant|M
babudden|M
tohid|M
ranjit|F
mehar|F
Phoenix|M
Erica|F
Dream|F
banju|M
rashimi|F
EMILIO|M
Liam|M
Alan|M
Winter|F
jat|M
shanah|F
Stephanie|F
Christopher|M
ADAN|M
faqir|M
kazal|F
rahimun|F
Mina|F
Rachel|M
SAGE|F
atish|M
shivam|F
sanjya|M
jaya|F
ritika|F
kashum|F
meera|F
durgesh|F
SIMA|F
ARIEL|M
August|M
mustikeem|M
gulfan|M
jigar|M
bikram|M
jitu|M
unknown|F
lakhsmi|F
sahajha|F
ramsewak|M
bhagwan|F
nagina|F
Ermias|M
almina|F
vijayta|F
Elton|M
Jarrod|M
navdeep|M
jayuti|F
saddham|M
bhabhav|M
manmohan|M
rabhida|F
nanni|M
dama|M
Ahad|M
talvender|M
badnath|M
VIVIANA|F
Sky|F
JEREMIAS|M
ANYA|F
SHMUEL|M
dalchand|M
ambika|F
rajesh|F
waheeda|F
sulekha|F
rubby|F
sobha|F
Erika|F
HAILEY|F
kamla|M
angreg|M
pavi|F
sarjaha|F
Lia|F
Marquise|M
gordhan|M
angad|M
gjender|M
AMIRA|F
dilsad|M
Ayat|F
Poppy|F
sheh|M
jaslin|F
chetana|F
ranjay|M
Raya|F
Shloimy|M
fiyaz|M
ramjanam|M
sakuntla|F
Zachery|M
deepansu|M
biran|M
julfi|M
apsana|F
tamnna|F
SHANIA|F
CRISTOFER|M
Valentin|M
pervez|M
bohati|F
nanki|F
COOPER|M
Eitan|M
vipul|M
shubham|M
sumer|M
sooraj|M
vijay|M
amir|M
moral|F
mamata|F
sama|F
nwed|M
peentu|M
upasna|F
vimala|F
sapana|F
jinat|F
pyarelal|M
lakhbir|F
Giovanni|M
Sheldon|M
amarmula|F
nazahat|F
Genesis|F
Kenzie|F
Jalen|M
brijlal|M
Ian|M
Sadie|F
Denisse|F
rahu|M
tapish|M
rubee|F
Marcelo|M
chorag|M
haseen|M
CHANIE|F
Margot|F
PHOENIX|F
JUDE|M
BRITTANY|F
kalap|M
amasi|F
mazida|F
saku|F
MATEO|M
neelkant|M
munnem|M
nasrin|F
POLINA|F
gyarsi|M
sohanpal|M
Binyomin|M
Gavin|M
Hayden|M
LUIS|M
BENTZION|M
lekhraj|M
dharm|M
fateh|M
sundar|M
siyaram|M
joshna|F
RAYMOND|M
ashiya|F
anuja|F
Ada|F
ALSTON|M
rajider|M
vikramjeet|M
aswani|F
Leonard|M
dhananjai|M
saizad|M
kritika|F
PARKER|F
rawi|F
Eli|M
SHIRA|F
shailja|F
Cody|M
Karter|M
pannalal|M
tilakram|M
panchu|F
Francesco|M
Britney|F
ramdhan|M
safina|F
RICARDO|M
Blair|F
ANISHA|F
charnjeet|F
ARON|M
parash|M
Louise|F
ameer|M
suryanath|M
gafur|M
modh|M
mansoor|M
mahak|F
meena|F
kanti|F
sonyi|F
bhateri|F
MIRI|F
Muhammad|M
shahna|F
Casey|M
shan|M
prabhatilal|M
jawahar|M
pryinka|F
nibo|F
sajiya|F
Sonny|M
Florence|F
Alston|M
irshad|M
armita|F
urvashi|F
Mary|F
Yonah|M
Sylvester|M
Carlton|M
nepal|M
shripal|M
shokraji|F
richaraj|F
VIHAAN|M
Melissa|M
Elle|F
vikaram|M
pappe|M
ramsem|M
meenaz|M
sonaki|F
zoya|F
Kent|M
Arthur|M
prabhila|F
kashmir|M
PARIS|F
ANA|F
VANESSA|F
Raphael|M
MADISON|F
radhamohan|M
yasodha|F
Yocheved|F
Lincoln|M
Bowen|M
ashik|M
rishipal|M
snah|F
Ambar|F
Edgar|M
TOBY|F
rakshit|M
suman|M
amardeep|M
gopal|M
sufian|M
jay|M
muslim|M
deepak|M
sayna|F
shiva|F
sneha|F
Makayla|F
Irene|F
Lionel|M
baccha|M
sajni|F
Zaire|M
Finnegan|M
Harlow|F
ramvilash|M
bhiki|F
akshita|F
sarojni|F
Jameson|M
amina|F
hafsa|F
manali|F
afridi|M
sarswati|F
Kelsey|F
siwani|M
premature|F
matul|F
BLIMY|F
gauri|M
sumanthra|F
Tyrone|M
SHIMON|M
rambabu|M
pawansingh|M
lakhe|F
sandeep|F
gurvinder|F
Sage|F
HUNTER|M
CAMREN|M
lalan|M
riyajudhin|M
kesha|M
chinku|M
shkil|M
sehnawaj|M
Daniella|F
JONAH|M
amrik|M
kajol|F
Vincenzo|M
madanlal|M
yogesh|F
kushagra|F
parvti|F
alish|F
NIKOLAS|M
Shaul|M
Monica|F
nabijan|M
surendr|M
dhanpati|F
JAZMIN|F
Donovan|M
talim|M
israr|M
dhrambir|M
indal|M
ajmer|M
bheem|M
subhdra|F
samya|F
niranjan|F
AALIYAH|F
Herman|M
CYRUS|M
allauddin|M
salmaan|M
geeta|M
prdeep|M
kalicharan|M
channu|F
zeba|F
Roland|M
Kainalu|M
pankajsheel|M
rafeddin|M
mani|M
sishpal|M
chosh|M
Jaylee|F
satbar|M
mukti|F
swata|F
SHANIYA|F
MELINA|F
LIA|F
adhish|M
mili|F
DEVIN|M
Kamari|M
Samuel|M
moshin|M
gulesta|F
raja|M
sushil|M
dharmraj|M
poonam|F
nikita|F
FRIMET|F
sujan|M
karisma|F
DELILAH|F
Wyatt|M
naajim|M
jayanti|F
YAHIR|M
vijender|M
bali|F
hajrati|F
nirosha|F
sumant|M
prannab|M
bhure|M
SARA|F
puswa|M
jaiwanti|F
ramu|F
amrta|F
PAOLA|F
digvijay|M
dila|F
Morgan|M
rajwanti|F
gyan|F
Abel|M
banwarilal|M
choga|M
ameera|F
shabanam|F
jani|M
samiksha|F
marjana|F
priyaka|F
Leon|M
Queenie|F
sarvjeet|M
ajeet|M
pravesh|M
rina|F
shaheen|F
Evelina|F
BOUBACAR|M
sajjan|M
hukum|M
kaushar|M
sunayna|F
noorpa|F
Dior|F
Dangelo|M
pravendra|M
navin|M
jagdesh|M
jamal|M
chitra|F
mabiya|F
rahina|F
Janiyah|F
Anais|F
Rohaan|M
shashai|M
savreen|F
amreeta|F
dariya|F
rajvi|M
vandna|M
vindeshver|M
seti|M
shiena|F
lilima|F
Elian|M
vickky|M
partibha|F
ran|M
ruhhena|F
kusham|F
Tamar|F
Vicky|F
JULIE|F
anandu|M
ramdulari|F
shravani|F
mintu|F
Ricardo|M
babalu|M
vedanand|M
sanha|F
ELISA|F
JAYLIN|F
sombir|M
hardik|M
Jerry|M
MAKSIM|M
Joyce|F
inderpal|M
jasveer|M
chhidu|M
dal|M
iqbal|M
dhani|M
sera|F
mansi|F
charanjeet|F
Douglas|M
AHUVA|F
Grant|M
Liv|F
samim|M
deerendra|M
Perel|F
Kyle|M
Blessing|F
harib|M
aarati|F
ROY|M
HANNAH|F
raunaf|F
Lyle|M
Chana|F
CALEB|M
jetender|M
narendera|M
chandracala|F
Nuchem|M
sikandar|M
narbir|M
bishnu|F
fija|F
John|M
parmanand|M
sarkar|M
baleshwar|M
AYLEEN|F
dauad|M
indraj|M
ALESSANDRA|F
sagan|M
soheb|M
suriti|F
vipasha|F
Remy|M
Tyrel|M
Shulem|M
kajamuddih|M
anuraj|M
neesha|F
ELIANA|F
HELEN|F
YISROEL|M
mul|M
sudhansu|M
sohan|M
tyara|F
sangeta|F
neeraj|F
seeta|F
Jolie|F
AMIYAH|F
narain|M
parem|M
tazaudeen|M
vipiv|M
rubal|M
diwan|M
sandiya|F
naryani|F
Burech|M
prshant|M
evan|F
manisa|F
murtibai|F
Chesky|M
Avi|M
VIOLET|F
gurmeet|M
faijal|M
palak|F
jeeth|M
saroop|M
moshad|M
yashdhra|F
madhuni|F
bimlesh|F
TAYLOR|M
Aleena|F
Sergio|M
Johann|M
ravikant|M
risiraj|M
boduram|M
sanpat|M
YIDEL|M
MOSHE|M
Omarion|M
Duane|M
Iker|M
Kennedy|F
penzin|M
islamuddin|M
anupam|M
Yuna|F
karim|M
deepanker|M
kulli|F
Joselyn|F
Alayna|F
Ahnaf|M
gen|M
prabhjeet|M
satish|M
jitendra|M
bharat|M
rimzim|F
sawana|F
sujata|F
hawa|M
manbai|F
rukshana|F
ELLIS|M
prashanat|M
chetna|M
sabba|F
Callie|F
AMANI|F
Claire|F
ELLIOTT|M
chunaram|M
junna|M
chandpreet|M
surbhi|F
killo|F
shivbhagvan|M
mahjabi|F
jotyi|F
mansavi|F
ITZEL|F
Baruch|M
nanagram|M
adrash|M
kamal|F
belo|F
amrin|F
SYLVIE|F
HADLEY|F
sahlesh|M
Maximo|M
GIULIANA|F
keshave|M
koushik|M
gurmel|F
mira|F
keli|F
Trenton|M
Dwayne|M
HADASSA|F
Amrom|M
LUCY|F
bagaram|M
Kenneth|M
beera|F
faaija|F
Enrique|M
Goldie|F
kanwar|M
sofali|M
virender|M
gaytri|F
hamim|F
rashmi|F
chandabai|F
keshar|F
nashima|F
Myra|F
jeenat|M
numesh|M
akash|F
gulnaj|F
ranki|F
mamuna|F
REID|M
bachheshwar|M
gobind|M
swatri|F
sadre|M
rohil|M
padama|F
nasim|F
Sholom|M
Mika|F
Marcos|M
Madison|F
Julia|M
Talia|F
Cole|M
Jermaine|M
munkad|M
koshal|F
indresh|M
shrimati|M
manira|F
SLOANE|F
WILLA|F
dhurv|M
kushal|M
zahir|M
najara|F
pushapa|F
sahnaz|F
MATHIAS|M
DASHIELL|M
APRIL|F
WYNTER|F
Lilian|F
wiliyam|M
BRAYAN|M
STEPHANY|F
Emmeline|F
Avital|F
Philip|M
Hana|F
ragib|M
sabhya|F
Amalia|F
Josephine|F
jugender|M
bhagvaan|M
umme|F
Sari|F
rajesh|M
pradeep|M
satyapal|M
moni|F
anshu|F
khushbu|F
Felix|M
Serenity|F
Reuben|M
akbar|M
nasir|M
mahavir|M
nadhim|M
KAYDEN|M
keshar|M
viram|M
noomi|F
GRANT|M
Ahmed|M
sharwan|M
bobi|F
rinukanwr|F
Moussa|M
Sarina|F
chtar|M
matok|M
sant|M
ritesh|M
beeram|M
tinki|F
veronika|F
Juliana|F
LILLY|F
bhatari|F
sajia|F
mithilesh|F
KATELYNN|F
CHANA|F
same|M
zahira|F
susan|M
malchand|M
sehdev|M
Kylie|F
simren|F
surjiya|F
shivji|M
preetam|M
khemraj|M
bunda|M
ankit|M
nitin|M
munna|F
Priscilla|F
jagdambika|M
kushmi|F
Malcolm|M
MYLES|M
Lilah|F
FARHAN|M
mahendar|M
lakhu|M
sanand|M
chotan|M
MIKAYLA|F
Camden|M
chintu|M
bhonu|M
jahirul|F
Emily|F
Marlon|M
NOOR|F
Rebecca|F
Sawyer|M
sidarth|M
shukramani|F
Roberto|M
angda|M
jeetram|M
sriniwash|M
asmina|F
CARMEN|F
Doug|M
nischaya|M
maigo|F
Tevin|M
shadiya|F
Tamara|F
LINA|F
dhara|M
asharam|M
anwar|M
ranjeet|M
rajkumar|M
farida|F
rizwana|F
Myles|M
altaf|M
Avrohom|M
Anne|F
Aileen|F
mukram|M
bhanvar|M
rachana|F
gulnaaz|F
maina|F
manno|F
any|F
manoti|F
dropati|F
AHRON|M
Maverick|M
ELIAN|M
surgayan|M
mustaq|M
sukhram|M
vrendra|M
Kaitlyn|F
jalsingh|M
pinki|M
vashanavi|F
Kamila|F
SANAI|F
HAYDEN|M
AMELIA|F
ilesh|M
mohmmad|M
panchi|F
Amaya|F
phakir|M
vaibav|M
Jordan|M
heeera|M
unknown|M
krishna|M
hisamuddin|M
chitrangan|M
Madisyn|F
rishaw|M
arpna|F
Sanai|F
Cristian|M
BORUCH|M
Aleah|F
Ted|M
Anabia|F
yamini|F
Yidel|M
aasto|M
Arlo|M
VICTOR|M
rabina|F
chitro|F
arshi|F
Celeste|F
Bryce|M
bhagvati|F
valentina|F
Kristopher|M
Piper|F
Milo|M
mastan|M
bhuneshwar|M
maninder|M
samvedna|F
sukenta|F
naresh|F
vesali|F
kanya|F
Blaze|M
DAYANA|F
Gilbert|M
Jayda|F
Sebastian|M
Janae|F
hena|F
savrin|F
naseef|M
farmaan|M
tinku|M
sidhart|M
sheela|F
Margaret|F
ERICA|F
faujdar|M
menpal|M
bhuli|F
PIPER|F
Skyler|M
mohseena|F
sonika|F
KAYLA|F
ADONIS|M
Colter|M
Lee|M
marium|F
yamuna|F
CYNTHIA|F
SERGIO|M
Juliet|F
hera|M
shiraj|M
laddha|M
tharu|M
shital|M
vishal|F
VERONIKA|F
zakir|M
jayantadass|M
bindiya|F
dhanni|F
rainu|F
jaimata|F
HERSHY|M
bhopal|M
shahnaza|F
aadesh|M
arab|M
sabanam|F
Adan|M
sourab|M
mamata|M
rabpreet|M
kawal|F
sunena|F
Zahir|M
Lianna|F
jumman|M
puran|M
chhabil|M
dharam|M
pramod|M
zile|M
palvinder|F
anchal|F
mehnaj|F
madhuri|F
annu|F
Maria|F
CHANCE|M
SAMIYAH|F
matadeen|M
shanwaj|M
badri|M
pinttu|M
teena|F
jugan|F
DYLAN|M
JAELYNN|F
FILIP|M
Ronaldo|M
chandrakala|F
ajmeri|F
rijwana|F
Calvin|M
YAKOV|M
ELI|M
priyak|F
Ayan|M
imamuddin|M
Annabel|F
Yasmina|F
bhuralal|M
jaskirat|M
FINLEY|F
Samira|F
Hashim|M
rohthash|M
chitu|M
sus|F
shabra|F
Summer|F
sirajuddin|M
ramniwasj|M
hem|F
SYLVIA|F
sattaram|M
manohar|M
nirmal|M
mantasha|F
CHESKY|M
mhosin|M
aasha|M
phool|F
simmi|F
sanni|M
chhabeel|M
duraga|M
amrish|M
dukhi|M
vipendra|M
kirashan|M
shymo|F
CRISTIAN|M
EZEKIEL|M
grish|M
pakhali|F
sangeet|F
nazmaa|F
Santiago|M
JOSUE|M
tanmay|M
paras|M
rahis|M
bagdai|F
STACEY|F
Sabrina|F
shohan|M
sahista|F
naushi|F
shekh|M
salmam|M
harjeet|M
bhanweri|F
ramswrup|M
shubankar|M
jeesan|M
tabbusum|F
shkuntala|F
Raizy|F
raviraj|M
maryam|M
taki|F
sabnur|F
jhoti|F
gyaan|F
Archer|M
Peter|M
Leroy|M
jiya|M
sarain|M
anita|M
atul|M
gagan|F
nanu|F
rama|F
ramdas|M
HAFSA|F
makan|M
kashish|F
rakeeba|F
ZAHARA|F
Kapena|M
Melania|F
jiyaul|M
popinder|M
ramkhilawan|M
gangajali|F
hyatun|F
Jamel|M
PAIGE|F
savan|M
gyan|M
roshanara|F
Heaven|F
Leslie|M
Spencer|M
shukveer|M
Cristopher|M
jang|M
umanath|M
anjani|M
chotum|M
nayana|F
rajkaranta|F
chanderpal|M
ikbal|M
anoura|F
ISIS|F
Daniel|M
muntajar|M
subhi|F
gosia|F
MASON|M
Harvey|M
Pinchas|M
sabi|M
vivek|F
ROWAN|M
Danny|M
radheshyam|M
jagmohan|M
pandu|M
subhash|M
asha|F
vidya|F
FRADY|F
CHRISTINA|F
Dashiell|M
ragwender|M
chandrika|F
bilke|F
Amir|M
Jack|M
Avery|F
Isaias|M
omperkash|M
ziarul|M
Monserrat|F
deendyal|M
shadab|M
bandana|F
gotiya|F
tohmeena|F
ROIZY|F
Alondra|F
STEPHEN|M
vibhuti|M
beti|F
minakchi|F
mero|F
majidunisha|F
Elan|M
JOLIE|F
Kevon|M
michael|M
israil|M
sirjna|F
kushbu|F
sheensar|F
batasi|F
papp|M
mubarik|M
jewa|F
pyari|F
saurab|M
shelesh|M
James|M
gopesh|M
ebane|M
mahroj|M
sibanaz|F
Oren|M
RUTH|F
Taliyah|F
GAEL|M
sunder|M
amit|M
bipin|M
amarjeet|M
dev|M
akshpaat|M
khushi|M
arsi|F
soma|F
iram|F
phol|F
reenu|F
George|M
BATYA|F
atitaj|M
sawatri|F
TERRENCE|M
Mariama|F
Adelina|F
Pamela|F
Ariyah|F
mamraj|M
shrotam|M
jainab|F
naveena|F
Erica|M
Toba|F
OUSMANE|M
Annie|F
uda|M
khush|F
NATHANAEL|M
JANIYA|F
sushpal|M
ahamad|M
rvindra|M
savina|F
rimmi|F
prati|F
Batya|F
sabbu|M
neesa|F
Alberto|M
abash|M
TONY|M
ALLEN|M
JAYLEN|M
Gianni|M
rajibul|M
kripal|M
badarjahan|F
CONNOR|M
JAYREN|M
Aahil|M
ansul|M
pphola|M
Kim|M
Logan|F
sidh|M
nitu|F
kanta|F
yashodha|F
Dean|M
YARETZI|F
Aiza|F
Shaina|F
ANGEL|M
SHANE|M
zafar|M
souvik|M
puspak|M
Brandon|M
Pessy|F
jaidev|M
badru|F
sucheta|F
narender|F
EPHRAIM|M
gurbachan|M
hiten|M
zarina|F
tayab|F
akil|M
saieman|M
YAMILET|F
DARREN|M
Akiva|M
Keyla|F
SHLOMA|M
Jaime|M
jaidul|M
momena|F
nandu|F
yogeshwari|F
Aubrey|F
Sienna|F
Aydin|M
jatinder|F
Arianny|F
azaruddin|M
paru|F
ishrat|F
MENACHEM|M
dhukhu|M
tekchand|M
sumnesh|M
aditi|M
Dawson|M
Bruchy|F
Valery|F
dhanpat|M
tahir|M
beenu|M
khursid|M
sarju|F
alapna|F
sonali|F
anju|F
jully|F
devi|F
gurvinder|M
manvir|M
afarin|F
lamani|M
sahun|M
gyatri|F
TIANNA|F
arbaj|M
ramjas|F
nurjaha|F
rashida|F
preti|F
Lila|F
sukhsohan|M
similata|F
vandhana|F
pujja|M
Dominique|M
munne|M
sabeena|F
WYATT|M
AICHA|F
bulad|M
jimi|M
salini|F
gulabsha|F
FRANCES|F
narhasi|M
Jasmine|M
parbhudayal|M
siddharth|M
ravinder|F
saiesta|F
deepali|F
shalini|F
ramsati|F
lakshmi|F
jameela|F
sarika|F
ruksar|F
depali|F
shri|F
anupama|F
natasha|F
AMIRAH|F
JADEN|M
Parker|F
GEORGE|M
Shayla|F
chhatar|M
sowar|M
jasvinder|F
sarah|F
satyvati|F
chotibai|F
spna|F
bhagirath|M
samayddin|M
ramakant|M
upendra|M
yasin|M
kamana|F
ARYEH|M
dharmveer|M
shetal|F
Amy|F
Athena|F
sarip|M
sarla|F
omwati|F
nusrat|F
Chaim|M
gurudut|M
dolat|F
TASNIM|F
jahagir|M
Caleb|M
Juniper|F
tejender|M
khubhu|F
Yariel|M
CAMILO|M
laltha|M
sariq|M
sukhvir|F
Adyan|M
parshu|M
mitlesh|F
birmadevi|F
shayam|M
gautam|M
navjoot|M
rekha|M
kanhaiyalal|M
safe|M
meghanath|M
satosh|F
Anton|M
bheema|M
uganta|F
EDGAR|M
nasruddin|M
aanamika|F
vanshika|F
lambhu|F
neelu|F
sushree|F
Sarahi|F
Cecilia|F
GAVRIEL|M
ABIGAIL|F
Rodrigo|M
monti|M
chandar|M
Analia|F
Annalise|F
BRIANNA|F
Tanisha|F
punarjyoti|M
netra|M
anantram|M
noorin|F
jamila|F
jasveer|F
PENELOPE|F
TENZIN|F
teekam|M
sapita|F
azmira|F
Yides|F
Royalty|F
Colby|M
Billy|M
muskuran|M
Savannah|F
ADA|F
shahir|M
balkishan|M
shajiya|F
Millie|F
DENISE|F
praveen|M
dilip|M
gurmit|M
punit|M
mustkeem|M
murti|F
rishu|F
anita|F
HAREEM|F
AMROM|M
amart|M
yogendra|M
vasa|M
soyam|M
sartaj|F
Bonnie|F
LUKE|M
muzmil|M
ashtha|F
najrin|F
genda|F
TOMAS|M
ISABEL|F
Aden|M
shahzad|M
dheerendra|M
tamanna|F
mandi|F
nirjla|F
Jadiel|M
momin|M
Aleksandra|F
imtyaz|M
lasar|M
Rylee|F
Jude|M
khimanand|M
inayat|M
prakesh|M
mohardi|M
MEILECH|M
jarnail|M
aakanksha|F
gaura|F
Cleo|F
FRANCESCA|F
harmit|F
ISHAAN|M
Giovanna|F
Hugo|M
Jad|M
mayur|M
devendra|M
sarbjeet|M
imran|M
mandeep|M
jioty|F
lilabai|F
naseema|F
vaishali|F
machhala|F
Mae|F
gangadhar|M
shabi|F
humera|F
Jayla|F
Aissatou|F
devasheeh|M
pitar|M
yadram|M
sunarkali|F
sidhi|F
Leilani|F
Lauren|F
ILAN|M
Nicolette|F
RYAN|M
RICKY|M
Shiloh|F
RYDER|M
devik|M
deepak|F
vimal|F
pariksha|F
Julien|M
bijendra|M
JAMARI|M
MENDY|M
atif|M
khemchand|M
kabid|M
tajrani|F
Griffin|M
PARKER|M
hritik|M
mahmun|F
LUCIA|F
Emmy|F
Rhys|M
talib|M
shrinath|M
senser|M
santara|F
birma|F
LUNA|F
Augustus|M
Kymani|M
OUMOU|F
tikku|M
YADIEL|M
Noach|M
prabhat|M
dinesh|M
naseem|M
mobin|M
mohar|M
ujir|M
raghuveer|M
gulfasha|F
shabana|F
shahgujta|F
taran|F
shilpi|F
Maximus|M
chandru|M
kirodimal|M
joyti|F
arpit|M
afzaj|M
uma|M
birju|M
jashgul|F
dipti|F
Devante|M
Brenda|F
Ester|F
amot|M
daulat|F
vidha|F
Jaslene|F
Oumar|M
ikramudeen|M
suhagini|F
shushma|F
QUINCY|M
hemanshu|M
randhir|M
darkash|F
Avrum|M
OSCAR|M
Catherine|M
Sabina|F
dhiru|M
monty|M
chinta|F
hadisha|F
sahgufta|F
shayna|F
rijakpal|M
rvina|F
ragina|F
sumedha|F
niraj|F
khusbhoo|F
Mario|M
nitesh|M
anurag|M
oli|M
nathu|M
himanshi|F
sourav|M
annat|M
bhawar|F
KACPER|M
binder|M
sheish|M
ramba|F
surgyan|M
raghubir|M
sethi|M
samiksa|F
sahab|F
Mathias|M
sheilesh|M
deepnarayan|M
naved|M
aamina|F
Karina|F
GRAHAM|M
Herbert|M
Kyson|M
kulbhushan|M
LAURA|F
Jaquan|M
ELAINE|F
nilu|M
London|F
dataterya|M
fakir|M
himanshee|F
Ismael|M
farhib|F
supiriya|F
Melina|F
Ariadna|F
sukumar|M
bhura|M
anup|M
davendra|M
naresh|M
gagan|M
kanhaiya|M
najiya|F
Harold|M
Jonas|M
dolly|M
subhas|M
zishan|M
sajana|F
bittan|M
tohseeem|M
keshanti|F
sahenaj|F
farhin|F
Vihaan|M
kareshan|M
aamrin|F
chumki|F
Christine|F
Monte|M
galiya|M
vakil|M
nagia|F
gulfsal|F
Brendan|M
Marley|F
parmo|M
sanjoh|F
payana|F
Rochel|F
ghurul|M
nijamuddin|M
for|M
rajdut|M
dinkar|M
jainab|M
chnda|F
malvika|F
Kourtney|F
HENNY|F
dhansinghpuri|M
chakra|M
shaina|F
shimla|F
Shaun|M
KAYA|F
Miley|F
jayesh|M
mehraj|M
shrishti|F
versa|F
Jenna|F
Sean|M
ojas|M
bobi|M
foolwati|F
mammta|F
ELENA|F
Kirk|M
NACHMAN|M
ramlal|M
lalit|M
somesh|M
bhima|M
manmeet|M
girja|F
fatima|F
jaiguna|F
versha|F
ramkali|F
mala|F
NATASHA|F
KAILYN|F
Dustin|M
ragni|F
shaloo|F
shallu|F
CHRISTY|F
NEIL|M
Milan|M
Darin|M
Orion|M
ABDOULAYE|M
noorjahan|F
Amanda|M
ALEKSANDER|M
Adriel|M
kartika|F
Miranda|F
Elliana|F
khushal|M
sugai|M
safila|F
mema|F
RUBY|F
narmda|F
nikhad|F
mushkan|F
Amare|M
satnosh|M
parshant|M
jeeshan|M
foranta|F
samaprveen|F
vaishali|M
aajiv|M
sunilrawat|M
tapsya|F
CRYSTAL|F
sidhrath|M
bhagipuri|M
bato|F
LIANA|F
STEVE|M
jaijairam|M
esrail|M
mithilesh|M
pamjeet|F
nazmin|F
Bridger|M
Kaylani|F
sambhu|M
farman|M
babbi|F
shrimati|F
Karla|F
Ryan|F
Notnamed|M
nathani|M
bunty|M
sadiq|M
ghasiram|M
girija|F
ishrana|F
basanti|F
Karl|M
gyanendra|M
ratiman|M
Kayla|F
Ayla|F
rupanjali|F
shun|F
KYLA|F
CARSON|M
TYLER|M
Yaritza|F
sabna|F
Wesley|M
rajendar|M
njare|M
nithyanandham|M
marshilah|F
kachri|F
shulekha|F
CHRISTIAN|M
Blima|F
subhan|M
Kamren|M
Adrian|M
DENNIS|M
Nadia|F
Peretz|M
ANGELA|F
CINDY|F
kaleem|M
ruvi|F
meghana|F
nshima|F
Dalia|F
Renata|F
ELISE|F
Dana|F
shushil|M
vineeta|F
bachan|M
inderjit|F
Rickey|M
Bailey|F
MEYER|M
warmati|M
ravindra|M
ramveer|M
veer|M
avdesh|M
azad|M
barkha|F
Alfred|M
chanda|M
gaffur|M
karmbir|M
eliyas|M
ritu|M
kanisk|M
jaivind|M
rajo|M
durg|M
ruzina|F
gudya|F
sehrunisa|F
shahina|F
DWAYNE|M
QUINN|M
dharamveer|M
hardas|M
kumail|M
mnyak|M
pulita|F
XIN|F
MAMADOU|M
YITTA|F
rajbeer|M
kalpeshwari|F
shelender|M
mony|F
sehnaaz|F
Lucille|F
Camren|M
vanshu|M
aayana|F
joginder|F
areen|F
Edison|M
kamleshwar|M
mandan|M
udi|F
vidisha|F
firoza|F
fauina|F
shilap|F
Bracha|F
jism|M
amritpal|M
tripta|F
mamini|F
Zayden|M
aakas|M
raman|M
vikram|M
naryan|M
bhajandeep|M
babali|F
sana|F
Zion|M
Tom|M
JASON|M
ballu|M
imtiaz|M
tarjan|M
shana|F
salmi|F
samer|M
kajul|F
MARTIN|M
birjesh|M
rajanti|F
nahid|M
dhan|M
asif|M
ramjanki|F
JONAS|M
Arham|M
kumar|M
tania|F
aarifun|F
sehzad|M
surja|M
hazira|F
Arya|F
Bruno|M
Farida|F
chuni|F
Keith|M
Meshilem|M
MESSIAH|M
Maryam|F
maisan|M
satender|M
roop|M
jatin|M
ruben|M
robin|M
arman|M
sanjay|M
bhura|F
vikki|F
anushka|F
gajala|F
vinita|F
aleesha|F
Ace|M
LANDON|M
birbal|M
lavish|M
mmta|F
Milana|F
TRISTAN|M
Ruby|F
LAMAR|M
ramji|M
firtu|M
shanti|M
kingkar|M
guru|M
Deandre|M
Sylvia|F
Faigy|F
KAITLYN|F
parashu|M
shardha|M
susri|F
sushama|F
aafrin|F
Nyla|F
ANTHONY|M
Sarah|M
Anas|M
yaadram|M
rajkumarm|M
kirshanpal|M
tarachand|M
alhamdi|F
vishakha|F
Kailey|F
PHOEBE|F
RAYAN|M
Lizeth|F
nishu|M
sone|M
neharika|F
MANUEL|M
Joe|M
vinos|M
sakchan|M
bhimsen|M
jassi|F
IRENE|F
shahista|F
manpritkour|F
vyelet|F
EDISON|M
Kayden|M
ARYAN|M
Ryder|M
phool|M
akash|M
ashwani|M
sumit|M
sarjeet|M
babby|F
tanjima|F
dhamini|F
dhaneswar|F
Madison|M
shahnam|F
moti|F
Adonis|M
Lilliana|F
mishrilaal|M
trilochan|M
premchand|M
premlata|F
rajinder|F
SYEDA|F
ALEXIA|F
Brooks|M
raheesh|M
balveer|M
Willa|F
girraj|M
vidhi|M
Zaria|F
Journee|F
ramswroop|M
subrati|M
balchand|M
daler|M
BRITNEY|F
Yahya|M
Javon|M
Boubacar|M
tulsi|M
liveri|M
viresh|M
Leibish|M
sahnabaj|M
shibu|M
mahi|F
khasbhoo|F
Faith|F
Ramon|M
ratwari|M
sehin|M
paka|F
inderjit|M
irfan|M
phoola|F
hazra|F
LUZ|F
digamber|M
jaffar|M
abhishak|M
jainaf|F
Byron|M
sadhna|M
iema|F
baita|F
Andrea|F
Stuart|M
sohal|M
aachal|F
kushumlata|F
Chloe|F
banarsi|M
harikishan|M
harvansh|M
kuwarjeet|M
kachan|F
Ophelia|F
Marcel|M
Neil|M
ELIEZER|M
mitnu|M
vedprakash|M
lateef|M
saaniya|F
Alicia|F
surajpal|M
ridhima|F
LYLA|F
bodh|M
rammurti|M
mnisha|F
mandira|F
ajara|F
farku|M
nanku|M
klu|F
Joshua|M
ZALMEN|M
LEO|M
Benzion|M
julficar|M
druga|M
mukeemuddin|M
dumani|F
mallo|F
noorjhan|F
YEHUDA|M
MATILDA|F
Simon|M
Shloma|M
Christina|M
surajbhan|M
vazid|M
brijesh|M
sitender|M
sujit|M
ombir|M
bimlesh|M
pavnesh|M
rinku|M
gita|F
ruby|F
yasmin|F
aditi|F
chanderkali|F
Chany|F
LILY|F
safia|F
peena|F
HAWA|F
Gianna|F
PETER|M
Maisie|F
anjali|M
ahsamin|F
manita|F
Joziah|M
asutosh|M
hanni|M
hukma|M
sardar|M
nabi|M
rghuraj|M
JESSICA|F
Shukrona|F
urmila|M
fauji|F
shelly|F
Lennox|M
JACE|M
minaxni|F
rosanjahan|F
Ousmane|M
ramkishan|M
maan|F
geetika|F
sakiran|F
Azaria|F
GABRIEL|M
YOEL|M
ALIYAH|F
shib|M
sarbari|F
Nasir|M
EZRA|M
Arnold|M
pataso|F
TESSA|F
VICKY|F
kirpa|M
puneeta|F
vijeta|F
narbada|F
KIMORA|F
Israel|M
ashu|M
pooja|M
vinit|M
rajni|F
rukhsana|F
veenu|F
kelama|F
Pinchus|M
Rayna|F
chunni|M
aanad|M
bebi|F
LOUISA|F
sushail|M
samundri|F
Doris|F
mukaram|M
udit|M
pannu|M
sulender|M
krishama|F
Anabella|F
DAMIAN|M
Alma|F
Briella|F
anoj|M
saad|M
salupa|F
KARINA|F
Abby|F
lavi|F
siwani|F
VINCENZO|M
Keoni|M
Abrielle|F
Josue|M
Warren|M
bundel|M
nur|M
kalashi|F
frjana|F
Kaylin|F
avinsh|M
kashi|M
akkni|M
janak|M
Dovid|M
kamraan|M
vinod|M
swedesh|M
sevak|M
amin|M
juli|F
huseni|F
rani|F
chama|F
CATALINA|F
YITZCHOK|M
Willow|F
Demarcus|M
keshri|M
haji|M
paramveer|M
aphsana|F
Ariella|F
jankidas|M
sohnal|M
tarif|M
khairti|M
marjina|F
maryana|F
saifali|F
SIENA|F
patav|M
dilvar|M
basnti|F
arzoo|F
vidhavati|F
mobsheera|F
NICO|M
GABRIELA|F
OLIVE|F
Celine|F
Morris|M
CHAD|M
mihir|M
zahid|M
doodhnath|M
neetu|M
sintu|M
sweety|F
AVRAHAM|M
Frederick|M
ISAIAH|M
JOSE|M
mahfooz|M
Shiloh|M
yasmin|M
shahabuddin|M
bacchu|M
rajeshwari|F
badrulla|M
dabbu|M
bhawari|F
somil|F
Kyree|M
sham|M
shivaji|M
rafal|M
sahima|F
Dariel|M
NEYMAR|M
Milton|M
Jordi|M
AUTUMN|F
pandit|M
nikhil|M
shambhu|M
munna|M
basant|M
bhim|M
fasrun|F
varsh|F
diksha|F
anjali|F
SIMON|M
Reginald|M
Iymona|F
Miah|F
dhirender|M
dharamender|M
kirshna|F
motilaal|M
gawali|M
japneet|F
Shaquille|M
MARINA|F
ishtkar|M
vinit|F
shahnawaj|F
syamsunder|M
salmakhatun|F
DAKOTA|F
ibraham|M
basibul|M
jasvindir|M
sanjna|F
lavli|F
Nathalia|F
Ryker|M
Carter|M
Khari|M
TENZIN|M
rosy|F
KAI|F
rupinder|M
disi|F
kuso|F
NICOLE|F
shyoram|M
Zane|M
Trevon|M
Lailah|F
islam|M
raseel|M
ashok|M
prahlad|M
suminder|M
vandana|F
amisha|F
khushnuma|F
divya|F
sajma|F
Yareli|F
April|F
rasid|M
dishu|F
hini|F
krashana|F
sabbab|M
shamshudin|M
bijali|F
noojo|F
kanheya|M
rimasha|F
himani|F
JENNIFER|F
SANTINO|M
REESE|F
joni|M
karuna|F
shakuntla|F
LUCA|M
Elliot|M
Keenan|M
samon|M
anjuman|F
JACK|M
Angelica|F
Jannatul|F
CRISTINA|F
kashis|F
Kali|F
Mirel|F
JOSEPHINE|F
maan|M
Brianna|F
yatharth|M
harshi|F
preena|F
Adeline|F
Keola|M
chandeshwar|M
kitti|F
tavvasum|F
shrawan|M
salinder|M
dilshad|M
arti|M
jitender|M
pooran|M
anuradha|F
parveen|F
YACHET|F
Chava|F
SAM|M
JAYDA|F
LEVI|M
repu|M
ashlam|M
ashman|F
shrabani|F
JOSHUA|M
kalyan|M
goldi|M
suganti|F
nathi|F
ESTELLE|F
SASHA|F
Tyson|M
sarif|M
NIKITA|M
Cindy|F
Adiel|M
ravindr|M
omendra|M
rakha|F
sampat|M
aarifa|F
nency|F
EMMETT|M
Xavier|M
HEIDI|F
USHER|M
MANDY|F
Gerard|M
emran|M
samser|M
rawana|F
bhundki|F
suneeta|F
keshav|F
jagmal|M
gurbax|M
arbana|F
afsari|F
Saifan|M
makrud|M
shine|F
mohamad|M
dayaram|M
lakhan|M
waseem|M
rashid|M
soni|M
sameer|M
sundeep|M
koslya|F
Mouhamed|M
faiz|M
Lindsay|F
Abdulloh|M
Amayah|F
GITTEL|F
PERLA|F
Baila|F
Donald|M
kanta|M
dalip|M
karansingh|M
sukrita|F
Amiyah|F
Nazir|M
haider|M
vipol|M
neeshu|M
bansi|M
lakhua|M
parashram|M
swati|M
nashrin|F
kundin|M
chanab|F
bhagwanaram|M
mangeram|M
swapam|M
Charlotte|F
Dylan|F
noshad|M
unkar|M
jabbar|M
aalina|F
kaushal|F
balbiri|F
puspha|F
Katherine|M
Tanner|M
phoolmani|F
umesha|F
Matthias|M
VERONICA|F
MORDECHAI|M
COREY|M
paratibha|M
ratikant|M
Elena|F
Brucha|F
latur|M
ashutosh|M
sahab|M
dharmender|M
ruchi|F
paramjeet|F
Angeline|F
rasul|M
megharaj|M
sulochna|F
Mendy|M
Jayce|M
Eric|M
SAMUEL|M
RICHARD|M
ARTHUR|M
mohhmad|M
mahfuj|M
sumoranjam|M
rema|F
paramshela|F
ratnesh|M
nitu|M
pritee|F
bhart|F
sabreen|F
Tommy|M
mookan|M
pharjana|F
rashika|F
jyotsana|F
hasibullah|F
ALISA|F
rukiya|F
dalima|F
Jakob|M
WINNIE|F
sheetal|M
muzim|M
jalwad|M
minaxi|F
Samaira|F
trilock|M
tulcharam|M
rizvana|F
Neymar|M
rehmat|M
pappu|M
partik|M
sushma|F
dolly|F
tulsi|F
vidyawati|F
iqrar|F
chander|F
ANDY|M
KHALIL|M
motolal|M
sahrukh|M
jit|M
pritika|F
ALEENA|F
TAMAR|F
Gage|M
Tristan|M
baburam|M
jamshed|M
tarunnam|F
sushhmita|F
govind|F
EVERETT|M
HARVEY|M
SAVANNAH|F
kayamuddin|M
JASMIN|F
parathvi|M
makbul|M
Travis|M
titu|M
dipali|F
maadhuri|F
Moishy|M
Reizy|F
Precious|F
aoosaf|M
sarwan|M
Alanis|F
AILEEN|F
LEONARDO|M
Evangeline|F
ratneswar|M
amkit|M
Imani|F
shashid|M
durgpal|M
deepaak|M
razni|F
murjina|F
jhalla|M
bitoo|F
aastha|F
Taylor|M
YONA|M
BRENDA|F
sitaram|M
nikita|M
anli|M
sanny|M
chanchal|F
nanda|F
priyanka|F
YARIEL|M
Salma|F
kavilash|M
amrjeet|M
zaheer|M
gurfaan|M
sayda|F
rambai|F
FAITH|F
sakeena|F
asmit|F
chatar|M
Craig|M
Jaxson|M
Kaylee|F
mahbir|M
manuvar|M
navdeep|F
sushila|M
Alba|F
sally|F
SOPHIA|F
SHAYAAN|M
MAYER|M
Madeline|F
neeven|M
parbha|F
CALVIN|M
YASEEN|M
kirshan|M
panaj|M
yashika|F
sabita|F
saida|F
Sama|F
AUBREE|F
Graham|M
nihalchand|M
geetanjali|F
hasbul|F
Mitchell|M
Anderson|M
devi|M
alaudin|M
""|M
saif|M
sangita|F
suhaliya|F
roshani|F
rachna|F
heena|F
Hassan|M
nimahe|M
kamakshya|F
sabila|F
JAIME|M
ELINA|F
deepan|M
ankit|F
chandrawati|F
SILAS|M
Alex|M
ish|M
thakur|M
jaichand|M
jyoty|F
annielal|F
sosri|F
kushamvir|F
Brayan|M
Clarence|M
AMADOU|M
Berish|M
dimpy|M
dhermendra|M
meesh|F
sahna|M
narsa|M
ashraf|M
jaiprkesh|M
rishma|F
Cataleya|F
Paris|F
ANGUS|M
ramavtar|M
bhajanlal|M
ishwari|M
sateesh|M
shashibala|F
CHLOE|F
sanchit|M
dhirpal|M
taj|M
dhram|M
anjila|F
siya|F
ATTICUS|M
kaari|M
bhulan|M
umedi|F
Timothy|M
Hindy|F
Kairo|M
ramgopal|M
anandi|M
toni|M
poojadevi|F
aamir|M
kalpna|F
firdous|F
sumentra|F
devki|F
SIMI|F
panna|M
hazu|F
ishu|F
aashiya|F
NATHANIEL|M
CLARA|F
Kira|F
Eshaal|F
vishvanath|M
jasvir|M
bhushan|M
shailesh|M
wali|M
pammy|F
indrvati|F
priti|M
mandvi|F
rosan|F
Journey|F
asi|M
nazim|M
disha|M
Montserrat|F
Shmiel|M
EDUARDO|M
Perla|F
fakrudeen|M
ruppa|F
MIGUEL|M
Alexander|M
AYAN|M
ravindar|M
gandharv|M
Kendra|F
leelu|M
master|M
Ezra|M
shreee|M
bhteri|F
jay|F
sarwesh|F
sukhavinder|M
tilk|M
PATRICK|M
Cali|F
Alpha|M
durvesh|M
gulshan|M
rohan|M
shamim|M
sifa|F
Misael|M
Yisrael|M
jasim|M
bushara|F
VIVIAN|F
AARON|M
shabuddin|M
karma|F
saheen|F
Blaine|M
FANTA|F
Terrence|M
Anika|F
Aboubacar|M
jaynarayan|M
alim|M
leena|F
Glen|M
Zora|F
harmani|M
premsingh|M
rimpy|F
BARBARA|F
Perry|M
KAYLEE|F
Savion|M
Jasmina|F
baliya|F
shirishty|F
janta|M
rijwan|M
reyaz|M
Meera|F
Wendy|F
Legend|M
TAMIA|F
rajeena|F
Alyssa|F
Crystal|F
joyaa|F
AMANDA|F
nek|M
abhaysingh|M
seema|F
urmila|F
fakiri|F
tina|F
Milan|F
Dahlia|F
Sloane|F
nanhe|M
vishavkarma|F
gitika|F
Amari|M
Melany|F
ALEXA|F
Elianny|F
gyandeep|M
anmol|M
baniya|M
aniket|M
Uriel|M
Kabir|M
kapiil|M
panchhi|M
shekher|M
handu|M
shankri|F
bakila|F
gensingh|M
zamile|M
hosiyarilal|M
naseem|F
Russell|M
prabhudayal|M
shelendra|M
saral|F
charu|F
mishbha|F
Vanessa|F
Shayden|M
bhagwana|M
dhurav|M
vishu|M
asho|F
tajinder|M
gajraj|M
budhu|M
sunaki|F
archan|F
shivalika|F
Sapphire|F
BYRON|M
Pearl|F
Leona|F
dikshant|M
rampher|M
Blake|F
ZOEY|F
durganand|M
рдЕрдЬрдп|M
priyanshu|F
shiwani|F
shivani|F
ANIYAH|F
pushpendra|M
maneesh|M
siza|F
sarsawati|F
dipendra|M
faran|M
gugna|M
manbhar|F
Marc|M
Dwight|M
sahkir|M
riyajudin|M
nano|F
EMILIANO|M
Richard|M
sedarath|M
banty|M
dushyant|M
najo|F
Zissy|F
Ahron|M
YAMILETH|F
sorabh|M
kesavi|F
jenab|F
MOHAMMED|M
SYDNEY|F
ALONDRA|F
koshalya|F
Menashe|M
NANA|M
chandkor|F
shadhna|F
Binyamin|M
Don|M
rajna|F
Lucas|M
Esteban|M
bhoopsingh|M
ayushi|F
nameeta|F
BARUCH|M
jagat|M
bhola|M
pradep|M
chirag|M
aditiya|M
swetna|F
mangla|F
smriti|F
Lydia|F
anshul|M
ashrfi|M
satvida|F
BECKETT|M
vakeel|M
anjal|F
Gwendolyn|F
Kian|M
SHOLOM|M
Rohan|M
Gerardo|M
tool|M
umashanker|M
divyansh|M
Riley|M
Jim|M
Yaretzi|F
HADASSAH|F
Sophie|F
joya|F
seva|F
Liyana|F
radesyam|M
AMARI|M
janeshwar|M
vimlesh|M
mahasingh|M
iswer|M
harshmeet|M
parkash|F
paramjit|F
Ivan|M
CAYDEN|M
Brayden|M
barjraj|M
vashu|M
mansa|F
CORA|F
XAVIER|M
radat|M
tejender|F
saroz|M
Lance|M
Ayesha|F
tapas|M
aftab|M
sukhvinder|M
hukamchand|M
jisaan|M
vasim|M
sukshana|F
shabbo|F
busra|F
aatikun|F
sudesh|F
Robin|M
REED|M
tej|M
navendra|M
manit|M
chahat|F
vijayanta|F
AMBERLY|F
Tzirel|F
vinoda|M
abhimanyu|M
narendra|M
shvani|F
madina|F
Nevaeh|F
ARCHER|M
jawhar|M
budhi|M
lakhya|F
pushpender|F
ishawar|F
Aharon|M
Oskar|M
Kylee|F
tikaram|M
mahadev|M
anchal|M
saviha|F
RACHEL|F
Jaheim|M
Amina|F
MAGGIE|F
manak|M
hanuman|M
Ross|M
Ruth|F
Karen|F
Esmeralda|F
rajmani|M
pitika|F
Julio|M
JIMENA|F
Aubree|F
parinka|F
swaranjeet|F
Yitzchak|M
Yehoshua|M
SERENA|F
KINGSLEY|M
rijul|M
damanjeet|M
naman|M
dhisa|M
balwan|M
mujeeb|M
ayush|M
harsha|F
kanika|F
reena|F
taranjeet|F
preety|F
Emiliano|M
dhaney|M
Meilech|M
damodar|M
velaram|M
HASSAN|M
Anya|F
Brooklyn|F
netrapal|M
lavpreet|F
chando|F
LEORA|F
shefali|F
Nalani|F
Aarya|F
jeta|F
mudsay|F
Gael|M
sabrina|F
prableen|F
Willie|M
SKYLER|M
arnab|M
sarves|M
mausam|F
Bintou|F
ALI|M
SHAYA|M
rampati|M
Emani|F
mithun|M
karanveer|M
harshita|F
shahjadi|F
Sury|F
Kelly|F
Shifra|F
omender|M
antima|F
bahalen|F
koyali|F
Usher|M
GIANNA|F
pramal|M
akkash|M
santra|F
yasmeen|F
ALESSIA|F
Jeremias|M
Kristen|F
baijnath|M
shaikh|M
bhawan|M
tabbasum|F
MUSA|M
KEIRA|F
harvans|M
dilkush|M
gulshana|F
prete|F
LAILA|F
simran|M
jwala|M
asmita|F
parvati|F
Edward|M
vashudev|M
khairu|F
pangita|F
pallawi|F
MARIO|M
Alika|M
bitto|M
baam|M
phulbi|F
Perl|F
ANDERSON|M
dilshadi|F
divakar|M
kumud|F
Darrell|M
shakil|M
somnath|M
sunil|M
mayak|M
udai|M
kunal|M
abhijeet|M
santi|F
simpi|F
kanchan|F
nargish|F
Albert|M
riyajul|M
jarina|F
miraz|F
hemanti|F
Jannat|F
Londyn|F
ruanbza|F
gaytree|F
cosmic|F
Christina|F
Eluzer|M
ALTER|M
bishesh|M
dhurender|M
amreek|M
haliya|F
Cayden|M
AVRUM|M
yuvraj|M
kamaldeep|M
rajinder|M
kinya|F
Brody|M
Ruchy|F
Lola|F
ibraheem|M
bhani|M
abhilash|M
tanu|F
zareena|F
mithalesh|F
ARIANNY|F
MILAN|F
irsad|M
jisan|M
jayoti|F
sahanaj|F
AIZA|F
Salvador|M
KADEN|M
SKYE|F
mathura|M
nosad|M
Atara|F
Ariah|F
prsant|M
JUDY|F
Eliza|F
LEV|M
JAYLAH|F
anuj|M
shashi|M
bandu|M
deepi|M
bablu|M
yeshpal|M
tumpa|F
chandni|F
Bryson|M
amarjit|F
karmi|F
saiyada|F
JAMAL|M
rahish|M
bacche|M
viney|M
mukesh|F
Colette|F
BROOKE|F
Mohammad|M
PAULA|F
deen|M
lakshman|M
mainka|F
Sariyah|F
WINSTON|M
Malaysia|F
Tahmid|M
lakhmi|M
saahil|M
rimpi|F
majida|F
avastha|F
rusan|F
Carson|M
AVERY|F
Devon|M
Ben|M
Matias|M
Farhan|M
Dexter|M
aas|M
omprkesh|M
yamin|M
ghansyam|M
reena|M
kavit|F
JAHEIM|M
madhusudan|M
yinita|F
rashma|F
kooki|F
NOEMI|F
MORGAN|F
Luca|M
Farah|F
Adam|M
salesh|M
samsuddin|M
shyan|M
mahtab|M
dishant|M
Rhea|F
Ori|M
BRENDAN|M
Dilan|M
Jean|M
gappu|M
pachuram|M
sarda|F
anjaly|F
Etty|F
Penelope|F
yesh|M
jorj|M
kalua|M
guman|M
pusgpender|M
tajmaha|F
Sarai|F
rajan|M
rukhsar|F
hurji|F
Scotty|M
Alaia|F
ayube|M
yogendr|M
rajnesh|M
chhantu|M
shoyab|M
Menucha|F
champa|M
chhamo|F
Tessa|F
farha|F
balvinder|M
hira|M
fida|M
gurdeep|F
MIRACLE|F
hemraj|M
vidit|M
sagufta|F
Aayan|M
dhulin|M
firoz|F
Brooke|F
BRYCE|M
Zachary|M
sabana|M
adan|M
Leonidas|M
ANGELO|M
BINYOMIN|M
Yitzchok|M
sekha|M
sntosh|F
Chance|M
Nick|M
preet|M
lakky|M
shampa|F
surender|F
hamida|F
Noor|F
Keegan|M
virendra|M
keshav|M
shiv|M
satya|M
bhavishy|M
rajender|M
balvinder|F
pinky|F
KAYLEEN|F
DIYA|F
Kareem|M
SADIE|F
Asia|F
tirlok|M
chanderkala|F
SHAINA|F
Livia|F
nandu|M
YARA|F
abhash|M
joria|M
chanderkanta|F
nimla|F
raveena|M
anjan|M
bhuri|M
amba|M
yadvir|M
mariya|F
NATHAN|M
Gabrielle|F
ALEXANDER|M
JOHANN|M
manowar|M
kalla|F
nekki|F
wasimuddin|M
jubed|M
birpal|M
satyawan|M
gulsher|M
naziya|F
sunarki|F
jayada|F
Avery|M
gordhanlal|M
mesak|M
gila|F
devender|F
Jazmine|F
aaditya|M
sachidanand|M
Kaliyah|F
JOANNA|F
abhinav|M
shakir|M
teenu|M
pardeep|M
parmod|M
pankaj|M
sawtri|F
satu|M
sansaar|M
smt|M
abida|F
Sage|M
Selina|F
mehphal|M
suraiya|F
sazmin|F
jamee|F
RANDY|M
Xander|M
Joseph|M
somender|M
aashi|F
ifteshyam|F
ANGIE|F
DANIELLE|F
Madina|F
sunny|F
MICHAELA|F
klash|M
naisi|M
ajmal|F
IZABELLA|F
Hareem|F
ZOE|F
manbharbai|F
farina|F
saahin|F
sumanlta|F
Mabel|F
ADITYA|M
Tenzin|M
aarav|M
dipak|M
Luciana|F
ramniwas|M
rajam|M
ujamma|F
ALIZA|F
NIA|F
Lucy|F
Kainoa|M
Nabiha|F
prami|M
partap|M
nikhat|F
pallavi|F
renuka|F
Haylee|F
Amirjon|M
Alexis|M
VALENTINA|F
Mahamadou|M
sidharath|M
amarnath|M
aashu|M
hardass|M
narbda|F
abha|F
YONAH|M
Timmy|M
asiwani|M
chandreshwar|M
gantantra|M
suda|F
mana|F
amba|F
Noel|M
Devin|M
Adrianna|F
Adriana|F
kamaljeet|M
daaud|M
gauravgil|M
sidharth|M
ramvati|F
asiya|F
mansha|F
Walter|M
SHLOMO|M
miha|M
umakant|M
akhalak|M
nanhey|M
ranveer|M
Alejandra|F
ISIAH|M
rubey|F
Armani|M
kanda|M
shivcharan|M
farhanaz|F
batul|F
NICHOLAS|M
CARLOS|M
Noelle|F
khusbu|M
nidhi|M
parven|F
pholwati|F
pushpawati|F
kirann|F
putulu|F
Bradford|M
Ryan|M
pinku|M
nisa|F
Leonardo|M
Zakaria|M
deepchand|M
abbas|M
ramchander|M
sagar|M
pyare|M
najim|M
suraj|M
shahrukh|M
sabina|F
mona|F
fornta|F
rinke|F
sanjana|F
Mechel|M
Angelina|F
farmeena|F
sarvesh|F
tarnum|F
ANGELICA|F
kedarmal|M
jag|M
nathulal|M
rabin|F
Camille|F
Malek|M
Imona|F
Ron|M
brijnandan|M
animesh|M
shidharth|M
nusrant|F
ruckmani|F
Ezriel|M
JUSTICE|M
kalip|M
abhijit|M
LIZ|F
pankuj|M
tanish|M
rinkal|M
juhi|F
musmi|F
Aniya|F
Imogen|F
Paige|F
veeru|F
shabbi|F
SHLOIMY|M
shayra|F
Shea|F
munesh|M
shoiba|F
Kenny|M
EVAN|M
MILENA|F
gopiram|M
labbhi|F
mehru|F
horam|M
sanjeevan|M
nijam|M
santok|F
rajiya|F
rehana|F
PEYTON|F
arunkumar|M
tamana|M
ghanshyam|M
pulkit|M
akaash|M
harishankar|M
ramfare|M
radhadalal|F
parvinder|F
SAMARA|F
Wynter|F
Kennedi|F
rameswar|M
hadarali|M
dulal|M
mukhtyar|F
Yanky|M
parmeshwar|M
simmy|F
Leilany|F
Amaia|F
tohir|M
Cael|M
Marjorie|F
sameeruddin|M
kmo|F
Bridget|F
Timur|M
gomti|M
vude|M
veepal|M
nosi|F
maalti|F
Santino|M
rahimuddin|M
papuu|M
lakhi|F
sharadhha|F
Chavy|F
mohmed|M
sablu|M
BREINDY|F
majid|M
hitlar|M
ravindera|M
kajal|F
guddiya|F
anisha|F
IMANI|F
NAFTULI|M
ALINA|F
dirgaj|M
shisupal|M
janardam|M
tej|F
lalmuni|F
MARYAM|F
ratneshwar|M
deepvhand|M
rini|F
Steve|M
ramprasad|M
satayanarayan|M
ETTY|F
Lauren|M
hanny|M
aasmin|F
rohini|F
kosar|F
ROMEO|M
Aisha|F
Sunny|F
hashrat|M
JACKY|M
ilayat|M
rekhai|M
mamuni|F
godambari|F
Yehudis|F
Paula|F
mangta|M
ameen|M
sakila|F
Jamaal|M
munshi|M
furkhan|M
radhab|F
SHARON|F
Empress|F
Gary|M
Danielle|M
Antwan|M
Raina|F
vipin|M
chottu|M
janmesh|M
bal|M
kundan|M
chran|M
aash|M
aru|M
muli|F
prachi|F
sitara|F
Tyler|M
alok|M
kumkum|F
gulfam|M
istkhar|M
mithu|F
RIVKY|F
Roselyn|F
MALIK|M
Julissa|F
jainub|F
Emery|F
mokida|M
mata|M
Dov|M
rajaram|M
sintu|F
kela|F
harry|F
birtha|F
rikkenchi|F
Jay|M
ALPHA|M
razida|F
AISSATOU|F
Goldy|F
basiran|F
shaukat|M
Elizabeth|M
chabi|M
mudsir|M
aasif|M
montu|M
dhanwanti|F
dhodi|F
maanmati|F
reshmi|F
chhoti|F
Abdoulaye|M
ALAN|M
Mustafa|M
bechan|M
badami|F
maheshar|F
aalam|M
bajulal|M
SCARLET|F
HUGO|M
NICOLETTE|F
KRYSTAL|F
devilal|M
anooj|M
farjand|M
kamalkishore|M
fool|F
CAITLIN|F
Aurelia|F
Dayana|F
libin|M
Zachariah|M
Hafsa|F
rishiraj|M
bhanwer|M
hayatul|M
sushri|F
ADRIAN|M
armaan|M
manojkumar|M
ajaj|M
nar|M
shafibul|M
devasish|M
hamsiran|F
rukhar|F
kumare|F
AVROHOM|M
barjesh|M
sabid|M
Michaela|F
arun|M
faisal|M
kamli|F
pooja|F
ARISHA|F
Anson|M
gorv|M
narayani|F
ekata|F
DANIEL|M
Brad|M
trlokchand|M
jincy|F
Ilan|M
bhisan|M
hamza|M
versha|M
REEM|F
srikant|M
aahim|M
jugani|F
brinda|F
Alexia|F
shbana|F
Omar|M
Marielle|F
chom|M
lovly|M
surgayani|F
AVERY|M
Valentino|M
munish|M
sudhdev|M
ishan|M
kunwar|M
amrik|F
MIKE|M
halke|M
virnit|M
jockyipai|M
ramaiya|F
shimran|F
kalavati|F
Roosevelt|M
Finley|F
MATIAS|M
Arjun|M
Basya|F
Theodora|F
Amani|F
KAYLIE|F
LOLA|F
shahruf|M
muskan|F
bashanti|F
raziya|F
karshana|F
tarawati|F
shakshi|F
Nicole|M
Joanna|F
lakhi|M
ramchandr|M
lal|F
suchitra|F
Alexandra|F
shivlal|M
mohabbat|M
sarmila|F
sukhbir|F
MALKA|F
RAFAEL|M
priyansu|M
rima|M
rupen|F
pramila|F
ramdevi|F
Nava|F
sai|M
roobi|F
Kristian|M
divansh|M
parminder|M
isnesh|F
sosari|F
THOMAS|M
muqhtar|M
sukhlal|M
pabu|F
Jordyn|F
phooleshwar|M
DERECK|M
EDDY|M
Chase|M
ijhar|M
girjesh|M
TRINITY|F
Matilda|F
raj|M
saroj|M
najre|M
shanker|M
banwari|M
mamita|F
aasha|F
hemlata|F
prinkya|F
Alaina|F
LIV|F
DINA|F
axat|M
savia|F
Ronan|M
Quinn|M
CAROLINA|F
Noa|M
sanjeet|M
vaibhav|M
daya|M
sukh|F
manosh|M
malkeet|M
vaijanti|F
aman|F
ASHLY|F
naroo|M
iswar|M
kantil|M
Elsa|F
Catalina|F
Fatou|F
hasibul|M
dayal|M
buddhi|M
suchita|F
anjara|F
aarif|F
HARRISON|M
Greta|F
prinsh|M
insaf|M
sazia|F
jhansi|F
guljan|F
Lukas|M
SHMIEL|M
pushank|M
mangeshwar|M
gajwanti|F
Howard|M
anshuman|M
rai|M
nigar|F
Natalie|F
Valerie|F
ZYAIRE|M
bidhya|F
shathi|F
TABITHA|F
vinay|M
gulam|M
sachin|M
karan|M
rejaul|M
vishnu|M
abul|M
nasibu|F
kavita|F
ravena|F
reeta|F
meenakshi|F
manorma|F
sadhna|F
rambiri|F
kasim|M
ANAIS|F
araddhna|F
Ronald|M
perdeep|M
parmood|M
tabsum|F
arthi|F
Ashton|M
ALLYSON|F
Elliott|M
MIA|F
kanhiya|M
hifjul|M
Kekoa|M
ERICK|M
Carmelo|M
desh|M
lilaki|F
Alec|M
chettan|M
aatam|M
maansingh|M
bharkha|F
Eunice|F
forshan|M
megh|M
EVANGELINE|F
Kazi|M
IRIS|F
ramtek|M
motilal|M
navjat|F
Efraim|M
RENEE|F
balraj|M
brij|M
chote|M
tafsir|M
CHAVY|F
Chanel|F
jaskaran|M
mangi|M
nawab|M
BRUCHA|F
Yadiel|M
bilal|M
chetna|F
ADELE|F
Stacy|F
robert|M
srimati|F
NATHALIE|F
Sydney|F
ZAIN|M
rambir|M
shamim|F
panku|F
mosmi|F
BENJAMIN|M
allabaksh|M
chatan|M
darshan|M
Ibrohim|M
Sami|M
ankala|M
raghunandan|M
gaitri|F
ELISHEVA|F
dabu|M
OMAR|M
Kailani|F
mahaveer|M
jamil|M
Troy|M
ALANI|F
Rayan|M
Brett|M
gulnanj|F
DEVON|M
shabreen|F
Renee|F
Zamir|M
Grayson|M
najis|M
pravin|M
rahishudeen|M
tarnnum|F
sanjogta|F
Arabella|F
Solomon|M
ahsan|M
janaki|F
badrunisha|F
avneet|F
ABEL|M
Cornelius|M
bawan|M
dana|M
dholi|F
mehib|M
STACY|F
ROCCO|M
bake|M
najar|M
taslima|F
YERIK|M
Justice|M
sudhanshu|M
dauji|M
mukish|M
krisana|M
taleem|M
rukshan|F
sararwati|F
Stacey|M
MAEVE|F
ramkish|M
shiba|F
sudershan|F
mairy|F
Corey|M
BRYANT|M
ramswaroop|M
mahesh|M
parbhu|M
kalpana|F
aruna|F
sita|F
mrs|F
surjeet|F
Yechiel|M
Shane|M
Chace|M
prittam|M
lakshay|M
dharma|M
chaterpal|M
montu|F
tulshi|M
damini|F
kelashi|F
SURI|F
Heidi|F
Zahra|F
balwant|M
pera|M
rushali|F
Nachman|M
nena|F
foola|F
Terrell|M
GIA|F
Alahia|F
tassadul|M
kaluram|M
kaushalya|F
khushbhu|F
pragti|F
anara|F
rafat|F
daya|F
LENA|F
Abril|F
Wolf|M
shispal|M
lakshaya|M
wiresh|M
Ayra|F
Estelle|F
MARCOS|M
GEORGIA|F
Everly|F
josin|M
pratha|M
shanvaj|M
harnam|M
parbhat|M
priyansi|F
lakhvinder|F
rajbiri|F
manka|F
babupuri|M
nimesh|M
bhramanand|M
indernath|M
abhishek|M
manjeet|M
hansraj|M
dhurpati|M
nishtha|F
veenita|F
yashoda|F
Amia|F
suwadhin|M
lalital|M
rihaan|M
Ahmad|M
Alice|F
junl|M
surya|M
hitender|M
nafeesa|F
trepti|F
subhagi|F
neraj|F
Lielle|F
sarad|M
jitan|M
mina|F
lave|M
miraz|M
kuwar|M
noori|M
dund|M
vinayak|M
rencho|F
midhana|F
ramli|F
Axel|M
taiyab|M
ashma|F
dhrampal|M
chotti|F
ABDULLAH|M
tameezuddin|M
veerbhan|M
CAMILA|F
jakh|M
dilsah|M
bhorelal|M
ansu|F
MINA|F
Lilly|F
Lenny|M
dhanraj|M
ankur|M
ramanand|M
roshan|M
rampal|M
archita|F
Ana|F
JALEN|M
Owen|M
jacky|M
budh|M
musarrat|F
natha|M
shashwat|M
keshu|F
ajju|F
aanik|F
kadu|F
Cairo|M
salaman|M
chandki|M
saud|M
lokendra|M
nasreen|F
mena|F
MARILYN|F
CASEY|F
sharinimle|F
GERARDO|M
goopi|M
kailesh|M
avdhesh|M
foranti|F
Molly|F
LESLEY|F
Shlomo|M
TAYLOR|F
barti|F
minkashi|F
kirti|M
Miri|F
sinil|M
Ashley|F
Zuri|F
misri|M
kala|M
jaspreet|M
krishnal|M
aejaz|M
harishchandr|M
wasim|M
indra|F
dimpal|F
mariam|F
salma|F
JASIAH|M
AYDEN|M
mehandi|M
ajay|F
kohinoor|F
Teagan|F
SHIA|M
Shea|M
noreen|F
ELEANOR|F
harvinder|M
bholu|M
shlender|M
gotam|M
shishul|M
nirvat|F
rashi|F
shakina|F
girishchandra|F
sutiya|F
NOAM|M
Larry|M
khalid|M
hanish|M
sahwaj|M
devkran|M
saksham|M
gulnaz|F
beauty|F
tanisha|F
Tommie|M
ROSE|F
SHULEM|M
Paul|M
Dalton|M
ramkiashan|M
subin|M
shruti|F
MOISES|M
goutam|M
constable|M
Annika|F
Avigail|F
Trany|F
Earl|M
aashif|M
rajnish|M
afshana|F
Allyson|F
SHAUL|M
Rowan|F
jaiprakash|M
gambhir|F
Shevy|F
Royal|M
Tiana|F
jile|M
patras|M
kali|M
mohammad|M
sanjiv|M
nandini|F
banita|F
sharda|F
sandhya|F
gulabsa|F
Stephanie|M
Kayson|M
Abrar|M
kaifiya|F
Lewis|M
Aniyah|F
neki|M
CAMILLE|F
kaif|M
bhanumati|F
suhsmita|F
Moshe|M
tisar|M
bhuwan|M
phirdos|M
harprasad|M
srheeram|M
JAYSON|M
CHARLIE|M
chiddu|M
Damian|M
Vienna|F
STANLEY|M
Salvatore|M
Dua|F
meghashayam|M
ramdyal|M
anirudh|M
rubjaan|F
sumita|F
Brigitte|F
EILEEN|F
VINCENT|M
ashishi|M
satya|F
ranjnika|F
kiniya|F
Remi|F
YASMINE|F
azam|M
aditya|M
sher|M
lilavati|F
uma|F
rekhwan|F
brkha|F
astha|F
kamini|F
sameem|M
brijshwaer|M
denesh|M
amijan|F
deepanshi|F
Jacqueline|F
BRUCE|M
RAIZY|F
noornabi|M
sajini|F
Tobias|M
tripurari|M
amber|M
khushnaseeb|M
ujjwal|M
bhavishya|M
baby|M
hararat|M
jafar|M
durgawati|F
JULIEN|M
sahabudeen|M
Dante|M
Jeffery|M
dipu|M
pushpendr|M
devika|F
INGRID|F
CELIA|F
Brenden|M
Darrin|M
alijan|M
viccky|M
babbu|M
mohmmd|M
ELOISE|F
NOA|F
sushant|M
faimuddin|M
arindra|M
kishore|M
aatir|M
alka|F
sahnara|F
lata|F
viren|F
mooli|F
sugna|F
Abigail|F
EZRIEL|M
sahi|M
seetal|F
chhaya|F
captain|F
Ayaan|M
newal|M
EVELYN|F
bhudhi|M
gulsha|F
raja|F
sudama|F
dur|F
rahil|F
Inaaya|F
Brock|M
MARIANA|F
ANNA|F
Jessica|M
faizal|M
phoolo|M
prempal|M
kamlash|F
AYLA|F
Ariana|F
Manha|F
niranjan|M
Declan|M
ELIZABETH|F
Martin|M
tabwsum|F
MILA|F
ROYCE|M
NINA|F
NYLA|F
Donnell|M
asruddin|M
hasir|M
roopnarayan|M
feflibai|F
Babyboy|M
Jeremy|M
umesh|M
man|M
manku|M
sardeep|M
meenu|F
aliya|F
babli|F
sashi|F
rupali|F
hemlat|F
kamla|F
arti|F
Angel|F
SALOME|F
YAAKOV|M
Meira|F
Yakov|M
Esty|F
jeenat|F
taruna|F
Safa|F
sujata|M
deva|M
suwa|M
mool|M
krishka|F
sehzada|M
madhan|M
kamruddin|M
GABRIELLE|F
rameshwar|M
Anna|F
sartaj|M
chanchal|M
shahwaj|M
jacob|M
pragati|F
tane|F
MARY|F
MENASHE|M
rashab|M
aajad|M
panchuram|M
silvia|F
Abubakr|M
jalmi|M
ERIKA|F
hasmita|F
Jamarion|M
kehkasa|F
Beckett|M
MINDY|F
Roiza|F
nareshpal|M
harshit|M
deepu|M
susmita|F
gori|F
akhtari|F
santosh|F
PEARL|F
Katerina|F
harinder|M
bhupen|M
indra|M
pool|F
Leila|F
ISABELLA|F
Aviva|F
punni|F
AARAV|M
mudssir|M
dhana|F
nelam|F
Raymond|M
sandhaya|M
ranjan|F
Perry|F
khangara|M
jaibir|M
khursheed|M
sngeeta|F
Serafina|F
Shoshana|F
shokesh|M
janwi|M
jamuna|F
senthia|F
PABLO|M
Reese|F
Maison|M
sahil|F
amena|F
Eliam|M
lavtar|M
dumnik|M
parsanjeet|M
sipra|F
utpana|F
santo|F
laskshita|F
Cecelia|F
AMY|F
prithvi|M
anaji|F
ajkati|F
JAVIER|M
SHERLYN|F
PERL|F
ROGER|M
Winnie|F
omparkash|M
subodh|M
luv|M
kasturi|F
limca|F
neetu|F
sony|F
Nehemiah|M
Mateo|M
DAMARIS|F
shahvaj|M
bittoo|M
preeti|M
tushal|M
Galilea|F
Malia|F
Alani|F
AUSTIN|M
maatwar|M
naitik|M
satnam|M
chanpa|F
sukmani|F
Georgia|F
SHILOH|F
ompal|M
lalutha|F
Anabel|F
Roy|M
MALCOLM|M
shajid|M
pabu|M
Jada|F
supriyal|M
sahajaha|M
nahani|F
Jasiah|M
saimun|F
reemi|F
HENRY|M
Haniya|F
sotaj|M
kunden|M
chetan|F
juhi|M
sohni|F
Fradel|F
vikesh|M
sahil|M
chotelal|M
samaiali|F
sabbo|F
swati|F
mallika|F
sanita|F
kripya|F
Libby|F
Aryan|M
Diyora|F
balmiki|M
galu|M
serul|F
firoja|F
kailash|F
JORDAN|M
Wassillie|M
ankesh|M
wakar|M
sukanya|F
yasoda|F
DIEGO|M
shabir|M
suhail|M
ritik|M
pramood|M
chandan|F
Matthew|M
Yusuf|M
asish|M
nandi|F
sufiya|F
GREGORY|M
smarti|F
suhana|F
PEYTON|M
Royce|M
JOHN|M
Leora|F
sahna|F
EDWIN|M
poshetty|M
shabi|M
sehnaz|F
Porter|M
sayma|F
Zahara|F
chandan|M
deshraj|M
shiva|M
kali|F
menka|F
SERENITY|F
manu|M
paul|M
mohini|F
jasmina|F
sanoshi|F
zina|F
shanno|F
Ean|M
gawri|F
nursa|F
Lonnie|M
BRYSON|M
RUCHY|F
SADE|F
kalwant|M
narbahadur|M
kana|M
prity|F
Jaden|M
Breindy|F
mitthu|M
sujeet|F
reshama|F
YAIR|M
sachi|M
parmodh|M
eshwari|F
sareen|F
Shirley|F
Nyah|F
maman|M
goldan|F
preet|F
bakhtvaar|F
manoj|F
sen|F
Aria|F
gorav|M
riyasat|M
akhilesh|M
ishu|M
vishwanath|M
abhay|M
sukhveer|M
moti|M
surjeet|M
ruksana|F
sameena|F
neelachal|F
Major|M
pari|M
nahar|M
gopal|F
upasana|F
Malachi|M
COLETTE|F
Dennis|M
PAUL|M
edris|M
mansharam|M
sarafat|M
shil|M
CASSANDRA|F
sahar|F
saeshta|F
nazani|F
Bennett|M
Eshan|M
hitesh|M
NOSSON|M
Erik|M
faizur|M
Januel|M
Lizbeth|F
ZAIRE|M
JERRY|M
Rosa|F
JAZZLYN|F
Tina|F
pukharam|M
barham|M
bannu|M
rampal|F
Bryanna|F
tashnim|M
sadhu|M
Hope|F
kamlesh|M
nadeem|M
babulal|M
kishor|M
laxmi|F
Bart|M
Cora|F
rolly|M
madam|F
alita|F
prasanta|F
Ansel|M
KIERAN|M
samay|M
munnia|F
irtu|F
mohan|F
sagira|F
SPENCER|M
Zendaya|F
Bobby|M
fuljhadi|F
khima|F
neela|F
shulal|M
darfasha|F
shadhana|F
ALFREDO|M
Elianna|F
sankar|M
ramkesh|M
kuldeep|F
Krish|M
umardaraz|M
santu|M
ragini|F
Kyro|M
ESSENCE|F
Zain|M
ALIJAH|M
LEYLA|F
Suri|F
brahamprakash|M
rahisuddin|M
sunitha|F
SHAINDEL|F
HAYLEY|F
brijpal|M
haridutt|M
nahida|F
grace|F
fuli|F
madhu|M
mahinder|M
arvind|M
mubashir|M
malti|F
sanjeev|F
chaman|F
Mayson|M
ovaish|M
kalpesh|M
sozi|F
rupal|F
pramil|F
sano|F
shabanm|F
tushar|M
raghu|M
Louis|M
Adina|F
shekhar|M
urwashi|F
Simcha|M
Henny|F
YAEL|M
zameer|M
visvajeet|M
kauslender|M
vironika|F
sahdev|M
ravidutt|M
gattu|F
neeli|F
udham|M
rupam|F
vidya|M
kadir|M
shish|M
paramdeep|F
nasira|F
Cynthia|F
vishvash|M
affan|M
CHRIS|M
Emely|F
Samantha|M
panchi|M
saranjeet|M
tarun|F
nathiya|F
ajmit|F
ERIN|F
Golda|F
ELLA|F
mahender|M
ramulu|M
puneet|M
umar|M
deepti|F
mankuri|F
arati|F
ravina|F
nazrana|F
aphasana|M
arnabjit|M
fakrrudeen|M
shveta|F
ruka|F
pear|F
Anastasia|F
ARJUN|M
SIMONE|F
RILEY|F
vipulander|M
tulsa|F
Tiffany|F
subjeet|M
preyojit|M
BRUCHY|F
Fernanda|F
DONOVAN|M
Hillel|M
rafi|M
abhilasha|F
devkali|F
radhe|M
sispal|M
kaushik|M
bhram|M
manchan|F
SYMPHONY|F
BRYANNA|F
IKER|M
faim|M
kureja|F
kamrulnisha|F
isika|F
KAMARI|M
CAMERON|M
ghanshayam|M
mohani|F
aysha|F
satwander|F
ZANIYAH|F
toshar|M
Scarlett|F
IBRAHIMA|M
ALVIN|M
faraheen|F
beeti|F
Daquan|M
nrotam|M
jahid|M
tara|M
shahid|M
surinder|M
mallik|F
ranu|F
noni|F
sudha|F
Payton|F
HAO|M
bhupendar|M
soban|M
chandu|M
bhanwari|F
Jorge|M
sudesh|M
mitthun|M
jhagdu|M
anno|F
Ariadne|F
anjrej|M
kabul|M
anoopama|F
Samara|F
karnesh|M
mager|M
shanbhu|M
VICTORIA|F
jamrujaha|F
sufia|F
aradhana|F
Reem|F
sujen|M
kawa|M
shadna|F
Jaslyn|F
ANNIE|F
patender|M
nashimuddin|M
srishty|F
Jaelyn|F
jagtar|M
ELLIE|F
faiyaaz|M
vidyadatt|M
robi|F
viplo|M
jite|M
rakesh|M
poonam|M
chandra|F
shashi|F
mandothi|F
priti|F
tuba|F
TROY|M
pushkar|M
bhulaee|M
joga|F
ranjita|F
Junior|M
Jonael|M
avinas|M
alima|F
tajinder|F
Oumou|F
Sabiha|F
Lipa|M
sawrn|M
sudeshwer|M
nawed|M
sarojini|F
Adele|F
giriraj|M
lajja|F
Asher|M
Shaya|M
iqubal|M
navneet|F
trannum|F
AYESHA|F
CECILIA|F
yunishs|M
kamreen|F
jagrti|F
TERRY|M
URIEL|M
Marty|M
virpal|M
anwari|M
resmi|F
sudhata|F
Romeo|M
Alia|F
Yasmin|F
OUMAR|M
satpal|M
mohan|M
hardeep|M
ganesh|M
sangeeta|M
bapu|M
ishwar|M
roshni|F
AHARON|M
zeshan|M
laukush|M
pooranmal|M
kiran|M
ramjani|M
marzina|F
antim|F
shamima|F
Reign|F
chain|M
anayatha|F
Salome|F
Carolina|F
GAVIN|M
inderpaal|M
rajvir|M
anshu|M
aaysha|F
Jared|M
rajia|F
Yamileth|F
Jennifer|F
bhhatu|M
pokhar|M
durgesh|M
husain|M
hazara|F
soba|F
Benson|M
sarbash|M
nandram|M
patric|M
saidul|M
maujim|M
devid|M
khalil|M
indervesh|M
Elodie|F
saruf|M
saka|F
gargi|F
Lawrence|M
Frances|F
Mendel|M
YITZCHAK|M
mahbub|M
LUKA|M
Brian|M
Haley|F
vivek|M
adil|M
abdul|M
shree|M
meenu|M
avinash|M
vipan|M
binita|F
shankuntla|F
shabina|F
STEVEN|M
knheyalal|M
nemsi|F
parmita|F
raniya|F
GRAYSON|M
KAREEM|M
megharam|M
Daryl|M
YOUSSEF|M
ansh|M
mehak|M
deepika|M
vishwjeet|M
sosan|F
CAROLINE|F
Milani|F
DANIELLA|F
sikander|M
Ximena|F
Kalani|M
Abigail|M
vakesh|M
kisori|M
ruplal|M
mandeep|F
bhopal|F
dhan|F
ELIZA|F
LIBBY|F
dharminder|M
sarvan|M
saanu|F
Heavenly|F
Berl|M
Fanta|F
ruchit|M
Jax|M
MIRANDA|F
ravishankar|M
shayamveer|M
swaliya|F
Eve|F
Jeffrey|M
ABRAHAM|M
Dominick|M
KRISTIAN|M
harish|M
prateek|M
chura|M
sajan|M
mohit|M
jaswant|M
chatter|M
pravindra|M
amarjit|M
saloni|F
dev|F
richa|F
parvesh|F
rukshar|F
rinki|F
Arturo|M
JIA|M
manjula|F
sahishta|F
mehnaz|F
durgash|F
Dara|F
TERRELL|M
raghav|M
sahnaz|M
Eleanor|F
PRINCESS|F
AVRIL|F
CELESTE|F
guluram|M
pramjeet|M
abhinandan|M
mogli|M
gurjeet|F
shayana|F
tufel|M
sanjit|M
manvendra|M
tek|F
Bob|M
Naomi|F
rupendra|M
kulli|M
Younis|M
sahrik|M
binani|M
Fabian|M
habib|M
Johnny|M
Eyad|M
INES|F
anamol|M
mhendar|M
parniti|F
balalia|F
jani|F
Natasha|F
Clementine|F
jarif|M
sabrajeet|M
sumirta|F
premo|F
phoolwanti|F
ILANA|F
kapil|M
suneel|M
lekhram|M
gurpreet|M
manish|M
garima|F
savitri|F
satnam|F
bhanupriya|F
sweta|F
HARPER|F
shoaib|M
pawna|M
Tori|F
krishn|M
shakti|M
jaimati|F
mahzbin|F
Joy|F
sidheswar|M
arbaz|M
chango|F
muntrin|F
asrani|F
karamjeet|F
Theo|M
Dakota|F
saira|F
sabir|M
kedarnath|M
mahboob|M
kumara|F
prinka|F
ZARA|F
aaftaab|M
mujaffar|M
hetal|F
darshna|F
parmeshwari|F
ARIELLA|F
Daleyza|F
ANDREA|F
baga|M
avfesh|M
hariesh|M
khashbu|F
McKenzie|F
Lillian|F
nooruddin|M
BRADLEY|M
kartik|M
satendra|M
taushif|M
javid|M
niraj|M
naeem|M
minu|F
rajkumari|F
LIBA|F
Maeve|F
chetanya|M
agyapad|M
Kaimana|M
PHILIP|M
Litzy|F
shjad|M
bhahadur|M
birajbhushan|M
revndrshing|M
Prince|M
CHARLOTTE|F
Bronson|M
kirtiman|M
kale|M
ankaj|M
sundri|F
Zev|M
Amora|F
Kalani|F
Micheal|M
har|M
beekar|M
siraj|M
hanif|M
mitali|F
LINDA|F
Annabelle|F
pabitra|M
one|M
mangelal|M
unnati|F
Gittel|F
NAHLA|F
manish|F
Jasmine|F
gurmeet|F
LONDYN|F
Jabari|M
Ladarius|M
taj|F
tapas|F
ALLAN|M
ROSA|F
chet|M
ajay|M
bhagwan|M
ravinder|M
mahnatha|M
shabbir|M
mansur|M
sanu|M
susma|F
sakshi|F
ruchika|F
rubina|F
neha|F
Khadija|F
amar|F
JAMIE|F
Elvis|M
JAYDEN|M
ramdutt|M
avtar|M
mishri|M
pirmika|F
tasleem|F
arifa|F
Ashley|M
Ariel|F
Kody|M
pahalwan|M
hakam|M
yameen|M
Ines|F
Yosef|M
indu|F
imrana|F
Rory|M
shetan|M
gulreg|M
AVIVA|F
Gianluca|M
Olympia|F
buddha|M
nutan|F
kallo|F
RAUL|M
MALKY|F
kurban|M
rakho|M
gulfsa|F
sahina|F
chandini|F
Saint|M
VIRGINIA|F
SHAWN|M
nasar|M
mnoj|M
prabhakar|M
chintan|M
jagdish|M
akhil|M
mursida|F
rakhi|F
shikha|F
ronak|M
hrithik|M
bangali|M
amiraka|F
Ivaan|M
harinarayan|M
manjoo|F
saniya|F
jauli|M
dipanshu|M
nitasha|F
Curtis|M
DEREK|M
rajend|M
arsad|M
shanty|F
namen|F
janesh|M
June|F
HANNA|F
reshami|F
Addison|F
Kawika|M
Jamar|M
JANELLE|F
SUMMER|F
kashiv|M
najrin|M
gora|M
lilaram|M
ruksin|F
pasanjeet|M
leo|M
somdevi|F
Ayden|M
MAKENZIE|F
indu|M
chandra|M
aman|M
sonia|F
nikki|F
shavani|F
meenaxi|F
munesh|F
farheen|F
rubeena|F
sinta|M
nila|M
dharmpal|M
shifali|F
nayaka|F
MEIR|M
MAXIMUS|M
Milena|F
LINDSAY|F
KATIE|F
YEHOSHUA|M
Khadijah|F
ajab|M
dildar|M
jitesh|M
abhaki|F
shaili|F
hanshraj|M
sohanlal|M
rambharos|M
kalayan|M
araslan|M
cheete|M
hemavanti|F
ravinda|F
iklakh|M
satrughan|M
parmeswari|F
munnadevi|F
HEAVEN|F
jitin|M
yogita|M
anuu|F
IVY|F
Fred|M
ANGELIQUE|F
GOLDY|F
rudmal|M
bhag|M
rambha|F
GORDON|M
Alessia|F
CARMINE|M
Patrick|M
shardanand|M
bhudhashen|M
husno|F
seeba|F
Brielle|F
FATIMA|F
Eliel|M
jhaban|M
nazeem|M
sajju|M
alseepa|F
KAYLIN|F
Wade|M
