FirstName|Gender
Faiga|F
Mariam|F
Alfredo|M
EZEQUIEL|M
Jamari|M
CATHERINE|F
Antonella|F
Skylah|F
Gabriela|F
AVI|M
Sophia|F
ASHTON|M
Johanna|F
Elizabeth|F
JUN|M
Marco|M
YOSEF|M
Jamal|M
JORGE|M
Anjali|F
Johnnie|M
Neal|M
Freddie|M
Josie|F
LESLY|F
NORA|F
Shayan|M
Aayat|F
Armaan|M
Frieda|F
JESSE|M
NASIR|M
ANSON|M
Zalmen|M
Beatrix|F
MEGAN|F
NATALIE|F
ISAAC|M
Avraham|M
Cameron|M
ENRIQUE|M
Taylor|F
Kyrie|M
Tiffany|M
MATTEO|M
Umar|M
Luna|F
Aliza|F
Ephraim|M
Princess|F
TZVI|M
ESTER|F
JIMMY|M
Mayar|F
Branden|M
Cash|M
Brodie|M
Siena|F
Genevieve|F
Hoorain|F
Jefferson|M
KEITH|M
Freida|F
Violeta|F
DECLAN|M
BERISH|M
WENDY|F
Damon|M
MIRIAM|F
JEANCARLOS|M
Jesus|M
Delonte|M
Sylvie|F
Simone|F
DENZEL|M
Nayeli|F
Elise|F
Zoe|F
RODRIGO|M
MAHAMADOU|M
KHLOE|F
Cormac|M
JACQUELINE|F
ALYSON|F
Mariana|F
Aizah|F
Jacob|M
Isla|F
ALBERTO|M
Jody|M
Stephon|M
ARMANI|M
LEONEL|M
Frank|M
JORDYN|F
Derek|M
Harmony|F
JOHNNY|M
Ashly|F
Leandro|M
Heidy|F
IVANNA|F
Ella|F
Randy|M
Angel|M
Emilio|M
COLIN|M
LEELA|F
Lloyd|M
Bill|M
Eugene|M
Abdul|M
GRIFFIN|M
Hazel|F
CHEYENNE|F
Isabelle|F
MAX|M
Chaya|F
DOMINIC|M
Nora|F
VERA|F
SAUL|M
SINCERE|M
Cedric|M
Randall|M
Denzel|M
AUGUST|M
Shimon|M
Damien|M
BLAKE|M
Viviana|F
Pierce|M
YANIEL|M
Matteo|M
REHAN|M
Giulia|F
Gregory|M
Lyanna|F
NICOLAS|M
Morgan|F
DANA|F
Marie|F
SAMIYA|F
ROBERTO|M
Micah|M
Laura|F
Antonio|M
LIZBETH|F
Marilyn|F
Rosemary|F
Noam|M
WILLIAM|M
Aya|F
Aurora|F
KAMILA|F
Tziporah|F
Ishaan|M
JAIDEN|M
Briana|F
Daria|F
Gerald|M
Victoria|M
KATHERINE|F
JACKSON|M
BRIANA|F
Tamia|F
Ivanna|F
KALIYAH|F
JEREMY|M
Keira|F
MELODY|F
Ivy|F
Bianca|F
Fernando|M
Ismail|M
SHAINDY|F
GUSTAVO|M
Karas|M
Adalynn|F
Selena|F
Vera|F
Harper|F
Tyrell|M
Sulaiman|M
Nashla|F
Lucian|M
REAGAN|F
SHEVY|F
MUSTAFA|M
Esther|F
Boruch|M
Niam|M
Maximiliano|M
Liora|F
Mya|F
ALICE|F
Naftuli|M
DALIA|F
PERRY|F
Maliha|F
MARC|M
Cory|M
FRAIDY|F
Crosby|M
Dina|F
SCARLETT|F
ESTEBAN|M
Arlette|F
Katie|F
ATHENA|F
NOEL|M
Brianny|F
TIMOTHY|M
Oliver|M
EMILY|F
AKIVA|M
Mary|M
Tristen|M
Brittany|M
BRYAN|M
Nala|F
ELIAS|M
Nicholas|M
Nikolas|M
EGYPT|F
DEBORAH|F
Emanuel|M
Cassandra|F
DAHLIA|F
Allison|F
Roger|M
ALLISON|F
ROMAN|M
JANA|F
FAIGY|F
Moses|M
Deangelo|M
Devora|F
Kingston|M
Stefan|M
ANGELINA|F
Catherine|F
JAYLEEN|F
ELAN|M
Kaia|F
Darius|M
ISABELA|F
Roizy|F
ANALIA|F
EDEN|F
Jesse|M
JOSELYN|F
Juliette|F
Angelo|M
Reuven|M
JOHNATHAN|M
Charles|M
GENEVIEVE|F
Christian|M
Tzippy|F
Nailah|F
Kyla|F
CONNIE|F
Dakota|M
PEDRO|M
YUSUF|M
HALEY|F
OLIVIA|F
Gideon|M
BRYNN|F
BRODY|M
ABDIEL|M
ALEXIS|M
Meir|M
Sofia|F
Nicolas|M
Michelle|M
Floyd|M
Melissa|F
Jayleen|F
RIFKY|F
Tallulah|F
Maya|F
Camilo|M
FERNANDA|F
BENNETT|M
NAYELI|F
Nicole|F
Adelynn|F
Rifky|F
Frida|F
Clifton|M
Jon|M
Benjamin|M
AIMEE|F
YANDEL|M
AYAAN|M
Yisroel|M
Dion|M
JUNE|F
MAKAYLA|F
Azaan|M
Yara|F
OMARI|M
Dillon|M
MARLON|M
Jaziel|M
FATOUMATA|F
KENDRA|F
Marcus|M
Jaylene|F
Jaylen|M
JADE|F
ELLE|F
ARELY|F
Clifford|M
Adelaide|F
RORY|M
Lesly|F
Robert|M
KAMIYAH|F
Leslie|F
Bina|F
ALEXANDRA|F
MARIA|F
Zayn|M
HAZEL|F
JOSIAH|M
Steven|M
LONDON|F
Emma|F
Olive|F
JULIANA|F
Duke|M
Coty|M
Gene|M
Edwin|M
ROSIE|F
Freya|F
DIANA|F
Nashley|F
JOHANNA|F
CHESKEL|M
SIMCHA|M
Janice|F
Nikolai|M
Mila|F
Laia|F
JULIANNA|F
Alissa|F
Reed|M
SAMANTHA|F
YITTY|F
Eliana|F
Leonel|M
OLIVER|M
TZIPORA|F
Motty|M
JOY|F
Johnathon|M
Linda|F
Leah|F
Yasmine|F
MILEY|F
Saoirse|F
IVAN|M
Issac|M
Darren|M
HAMZA|M
Ailani|F
Luz|F
ELIMELECH|M
Tova|F
Shraga|M
STEPHANIE|F
Arely|F
Saniyah|F
NECHAMA|F
FATOU|F
Weston|M
Amelia|F
Jarvis|M
Lamar|M
JAYLYN|F
Alison|F
Bethany|F
Blimy|F
ARIELLE|F
Tenzin|F
Charlie|M
BAILA|F
Jayson|M
PINCHUS|M
Walker|M
Mia|F
NANA|F
Miya|F
Marina|F
Lea|F
AVA|F
Drew|M
Izabella|F
YESENIA|F
Tzipora|F
BEATRICE|F
HANA|F
Rifka|F
EASON|M
Jana|F
GRETA|F
Miguel|M
Aliya|F
Makai|M
Laith|M
IAN|M
GREYSON|M
NAFTALI|M
SHLOME|M
Idris|M
Sevyn|F
Brittany|F
Aryeh|M
KEILY|F
Inaya|F
RIHANNA|F
Braxton|M
Roderick|M
Beatrice|F
Grey|M
Lilia|F
Aitana|F
BENSON|M
Danielle|F
ATARA|F
KATE|F
Zhuri|F
Shlome|M
JANNAT|F
Feynman|M
ANASTASIA|F
WILSON|M
EVA|F
MIAH|F
ELLIANA|F
Rylan|M
Jaylon|M
DAISY|F
Caroline|F
GISELLE|F
Giovani|M
Thiago|M
ANIYA|F
ANDREW|M
Lane|M
Donte|M
GUADALUPE|F
Eileen|F
ELIANNY|F
NEVAEH|F
DAMANI|M
JUSTIN|M
SARAI|F
Helena|F
Kamiyah|F
BRACHA|F
VALERIE|F
Preston|M
ALICIA|F
Thea|F
Mordechai|M
Francisco|M
KARLA|F
Judah|M
PESSY|F
Giuliana|F
Tracy|M
Rodney|M
Emily|M
David|M
OWEN|M
Alessandro|M
MAXWELL|M
Zander|M
KALEB|M
LORENZO|M
Ellis|M
Jaxon|M
JANE|F
ADAM|M
GIOVANI|M
ISLA|F
Meyer|M
Geoffrey|M
Kaleb|M
Javier|M
CHAYA|F
Dallas|M
LESLIE|F
Peyton|M
BRIAN|M
Quincy|M
Zyaire|M
SELMA|F
Jason|M
Bret|M
Garrett|M
ANAYA|F
KAI|M
IBRAHIM|M
Batsheva|F
CHANY|F
Leyla|F
Brynn|F
Isabel|F
KING|M
KAMERON|M
Carmine|M
Sarah|F
Isabela|F
Julius|M
Yael|M
Katelynn|F
NIGEL|M
GIOVANNI|M
Leela|F
Ali|M
LEILA|F
Ananya|F
Noa|F
LOUIS|M
ZAHRA|F
Shayna|F
Maurice|M
ADEN|M
Claudia|F
Aliah|F
Khloe|F
MARGARET|F
MIREL|F
Layan|F
Isaac|M
Shneur|M
KATELYN|F
Skye|F
Nathaly|F
RYAN|F
CHARLES|M
Riley|F
Sara|F
EFRAIM|M
KINGSTON|M
JACOB|M
Otto|M
JAY|M
King|M
Ayelet|F
Tony|M
Trevor|M
Keanu|M
ERIC|M
LYRIC|F
Cassidy|F
Nathanael|M
KRISH|M
Hailey|F
JULIO|M
Andrew|M
ROBERT|M
CONOR|M
Cameron|F
Bella|F
Leia|F
MEKHI|M
Marquis|M
Ty|M
Selim|M
ALDO|M
Giselle|F
FABIAN|M
Arianna|F
AISHA|F
DOV|M
Rose|F
Jaiden|M
Muslima|F
Terry|M
ADRIANA|F
ADRIEL|M
AYLIN|F
CHELSEA|F
Mathew|M
EMERSON|F
Ken|M
Marvin|M
Viktor|M
Lucien|M
KYLIE|F
Skylar|F
Malky|F
Edith|F
Parizoda|F
DARIUS|M
YOCHEVED|F
Oscar|M
ADELINE|F
Raul|M
Eleni|F
Elias|M
GIOVANNA|F
Princeton|M
Phillip|M
LILIANA|F
MARCUS|M
Malik|M
Daphne|F
Guy|M
Denis|M
SHIFRA|F
Elina|F
WESLEY|M
Esme|F
NANCY|F
Rosie|F
SIENNA|F
FRANKLIN|M
Eden|M
Cesar|M
SAVANNA|F
Wendell|M
Max|M
Queena|F
Vivienne|F
Gitty|F
Nova|F
Khalil|M
ARMANDO|M
Alonso|M
LUCAS|M
Olivia|F
Astrid|F
SHIRLEY|F
KENYA|F
Eddy|M
ASHER|M
ISMAEL|M
ALISON|F
Jackie|M
Donnie|M
Alexandra|M
JULIET|F
Gavriel|M
Stanley|M
HARRY|M
JENCARLOS|M
ALEX|M
MARCO|M
AUGUSTUS|M
ESTHER|F
DEVORAH|F
Samiyah|F
KAILEY|F
ESME|F
Greyson|M
Jahmir|M
Bentzion|M
JOYCE|F
Janelle|F
Bernard|M
Tucker|M
GIULIA|F
Aimee|F
ANDRES|M
NAOMI|F
GERALDINE|F
Gia|F
Meghan|F
Alisson|F
LEON|M
Louisa|F
Johan|M
MARISOL|F
JEAN|M
Khaleesi|F
YAEL|F
JULIETTE|F
ADRIANNA|F
RAQUEL|F
Ayleen|F
Vernon|M
Dominic|M
MAURICIO|M
CESAR|M
Nahla|F
SANDRA|F
NADIA|F
Chiara|F
Clara|F
ABBY|F
Kimberly|F
Carmen|F
Amira|F
KIMBERLY|F
DESTINY|F
SHLOIME|M
BINTOU|F
CHARLIE|F
Emilia|F
Dale|M
Dave|M
Rene|M
Derick|M
BRAYDEN|M
TORI|F
Lisa|F
DAPHNE|F
Sharon|F
Bruce|M
SALMA|F
Jaliyah|F
Mikayla|F
EMILIA|F
BRADY|M
NATALIA|F
DEAN|M
Giancarlo|M
Kurt|M
Landen|M
Dan|M
Angie|F
Kristina|F
Francis|M
ANTONIO|M
JAYLENE|F
Katelyn|F
MICHELLE|F
Aissata|F
Tess|F
Aminata|F
Yael|F
Rebecca|M
Earnest|M
Abraham|M
Autumn|F
YISRAEL|M
Aaron|M
Thierno|M
ANGELY|F
Yousef|M
Jayden|M
MIKAELA|F
JOCELYN|F
AYA|F
JASPER|M
TZIPORAH|F
MYA|F
Erin|F
Veronica|F
Diya|F
MOISHE|M
MAYA|F
Celia|F
Tavon|M
Nechama|F
Aarav|M
Lev|M
REUVEN|M
MOUSSA|M
LAYLA|F
Georgina|F
Amelie|F
Tatiana|F
Victor|M
Alina|F
Amiya|F
Messiah|M
KENNETH|M
XIMENA|F
Jael|M
JAYCE|M
Mariah|F
Azariah|F
Orlando|M
Nina|F
BATSHEVA|F
Lorenzo|M
Shannon|M
Antoine|M
Darryl|M
Hannah|M
Landon|M
Amirah|F
LOGAN|M
Evelyn|F
PEREL|F
Theodore|M
Jake|M
LYDIA|F
RONAN|M
Pablo|M
Noah|M
Devory|F
ADELAIDE|F
YOUSEF|M
Idy|F
Eden|F
Jane|F
Brennan|M
Wayne|M
Anthony|M
Melanie|F
DULCE|F
Yonatan|M
JASLENE|F
Audrey|F
ZAINAB|F
ISHMAEL|M
JESSIE|F
Mandy|F
JESUS|M
Hershel|M
Kameron|M
EITAN|M
Davon|M
Makana|M
Todd|M
Norman|M
Giovanny|M
SANIYAH|F
GABRIELLA|F
ROSELYN|F
Emmanuel|M
Tomas|M
Valeria|F
Abdullah|M
ISRAEL|M
CADEN|M
Isaiah|M
Pat|M
Demetrius|M
Gregg|M
JARED|M
MAXIM|M
AMELIE|F
JAELYN|F
JULIAN|M
KENNY|M
Annabella|F
MADELEINE|F
Fiona|F
MAURICE|M
LAWRENCE|M
JALIYAH|F
Toby|M
Tim|M
Hailie|F
Diego|M
Yaakov|M
Mayer|M
KASSANDRA|F
Guadalupe|F
JAMES|M
Rachel|F
Maximilian|M
Jaylin|M
CLAIRE|F
Fatoumata|F
Abdiel|M
FREDERICK|M
MAKAI|M
Rina|F
REBECCA|F
ALISSON|F
AMAYA|F
MALACHI|M
Franklin|M
MALAK|F
DAVID|M
Jeremiah|M
Lian|M
ALEJANDRA|F
SOPHIE|F
Judy|F
MALIA|F
JAMEL|M
Skyler|F
Jessica|F
ZAYAN|M
MAXIMILIANO|M
ALYSSA|F
Clyde|M
Kerry|M
Fredrick|M
Natalia|F
Hinda|F
ESTRELLA|F
MAKHI|M
Muntaha|F
ARIEL|F
LEILANI|F
Liana|F
AHMAD|M
RAPHAEL|M
QUINN|F
ADINA|F
Caitlin|F
Trey|M
Jerome|M
Hersh|M
Shania|F
Andre|M
Arielle|F
Lucia|F
Orly|F
Syeda|F
Saul|M
Mollie|F
Enzo|M
SHAYLA|F
Jasper|M
Mordche|M
JULIUS|M
MUHAMMAD|M
Cheskel|M
Micaela|F
Lauryn|F
MOHAMED|M
Mira|F
LEA|F
Riya|F
Aaryan|M
MALIYAH|F
SAMIR|M
Kate|F
Jazmin|F
HUDSON|M
Lamont|M
Quinton|M
Dane|M
KELLY|F
Mason|M
Raquel|F
SANTIAGO|M
Musa|M
Kimora|F
Jamie|M
Naftali|M
Jade|F
Dereck|M
Hamza|M
Teddy|M
Clayton|M
CODY|M
Yandel|M
JIA|F
ARIELA|F
Lara|F
SHALOM|M
Mikaela|F
MICHAL|F
Lyric|F
Makoa|M
Johnathan|M
Zainab|F
LIPA|M
Massimo|M
Hadassah|F
MILO|M
KAREN|F
Allan|M
Anisa|F
Angela|F
Kori|F
ALEXIS|F
LIVIA|F
Michal|F
Yehuda|M
Miriam|F
Jimena|F
HEIDY|F
Zoya|F
Terrance|M
Forrest|M
Peyton|F
Kailee|F
TIFFANY|F
Phoebe|F
SKYLAH|F
Reagan|F
Evie|F
Kaiden|M
Riva|F
Julianna|F
Cade|M
Lena|F
Elaine|F
CHRISTINE|F
Kendrick|M
Sherlyn|F
Keily|F
Ruchel|F
Youssef|M
Josef|M
Yida|M
Jace|M
VIVIENNE|F
Connor|M
Chelsea|F
HERSH|M
SURY|F
SYED|M
Shawn|M
BRIDGET|F
Henry|M
FAIGA|F
Juwan|M
Lynn|M
Bailey|M
ZISSY|F
MORRIS|M
RUBEN|M
ELVIN|M
Harry|M
AMINATA|F
AMIR|M
Sanaa|F
NELSON|M
Gemma|F
PRINCE|M
GOLDA|F
YIDA|M
Rocco|M
Deborah|F
TRAVIS|M
Yahir|M
Unknown|M
Darnell|M
Abdoul|M
KIYAN|M
EMELY|F
ARYA|F
RONALD|M
Alisa|F
KEYLA|F
Elliott|F
ANDRE|M
SHEA|M
Manuel|M
Shreya|F
LILLIAN|F
Juan|M
Nathan|M
Heath|M
Rex|M
Braden|M
Kade|M
Keila|F
Sonia|F
ALEJANDRO|M
CHAVA|F
Jair|M
Kimi|M
Emaan|F
LITZY|F
EMMA|F
JAEL|M
Jessie|F
JAYLA|F
Caden|M
IDY|F
ZARIAH|F
Emmett|M
Arden|F
Tyrese|M
Conner|M
Nainoa|M
KAELYN|F
Demi|F
Alessandra|F
ALEC|M
Arisha|F
JOLIN|F
Roman|M
Vivian|F
Filip|M
KEVIN|M
Melody|F
AMALIA|F
Mahnoor|F
Dylan|M
Jasmin|F
Serena|F
ZACHARY|M
Camilla|F
LEAH|F
Kai|M
Noemi|F
Connie|F
Beau|M
Reid|M
Harley|F
ELSA|F
ANGEL|F
Quinn|F
BLIMA|F
Sima|F
Amanda|F
Payton|M
NEHEMIAH|M
AMBER|F
Emil|M
JULIA|F
Malak|F
JENNY|F
JORDAN|F
Alexis|F
Elijah|M
Yaseen|M
MATTHEW|M
ARIANNA|F
KATHRYN|F
Luke|M
Sariah|F
Amber|F
Elya|M
Jaylin|F
Evan|M
JELANI|M
ANTONIA|F
JAMIR|M
Thomas|M
Malika|F
MARIAH|F
Janiya|F
Nathalie|F
AVIGAIL|F
Henchy|F
Lily|F
Jocelyn|F
Rashad|M
Aidan|M
JOHAN|M
Joaquin|M
Kaden|M
Liba|F
AUBREY|F
Parker|M
Elisa|F
TANISHA|F
RILEY|M
ZARIA|F
FRANCESCO|M
Rahaf|F
FINN|M
BLAKE|F
Gabriel|M
Mohammed|M
MACKENZIE|F
JULISSA|F
Saige|F
Jamie|F
LARRY|M
SKYLA|F
Danna|F
FRADEL|F
AWA|F
ELIANNA|F
Frady|F
GENESIS|F
SANIYA|F
Emmanuella|F
Jazlyn|F
CARTER|M
JUAN|M
Kaylie|F
ALMA|F
MICAH|M
BELLA|F
HARMONY|F
Trinity|F
Ralph|M
LAUREN|F
Hanna|F
MAE|F
Eloise|F
DANIELA|F
MADELYN|F
SHERRY|F
Eduardo|M
JAHMIR|M
Ariel|M
Maia|F
DEVORA|F
CHAIM|M
SHAYAN|M
JANUEL|M
FRANK|M
ABDUL|M
Ayala|F
Nylah|F
Kelvin|M
ZION|M
Gabriella|F
TZIVIA|F
Trent|M
Drake|M
Emma|M
Mauricio|M
BROOKLYN|F
Rena|F
Rafael|M
ROCHEL|F
Jordan|F
FELIX|M
Anayah|F
JAZMINE|F
AXEL|M
THEODORE|M
ELIJAH|M
Destiny|F
Tzvi|M
JASMINE|F
Malka|F
Tianna|F
Eddie|M
Ellie|F
Luka|M
Ameer|M
CAMILLA|F
KIRA|F
Jaylah|F
RAIZEL|F
Hanley|M
LUKAS|M
DAMIEN|M
Moishe|M
NYLAH|F
Rayyan|M
YOSSI|M
Kyler|M
MAXIMO|M
Maliyah|F
Kehlani|F
Sammy|M
RIFKA|F
Aylin|F
Fatima|F
AAYAN|M
COLE|M
AYANNA|F
Julia|F
YEHUDIS|F
Liliana|F
Hector|M
Kelly|M
EMANUEL|M
DARWIN|M
RIVKA|F
ELIYAHU|M
Jenny|F
Fraidy|F
ISABELLE|F
Maite|F
Yoel|M
Otis|M
FERNANDO|M
Devoiry|F
Kieran|M
Emir|M
JONATHAN|M
ISSAC|M
KAIDEN|M
LENNY|M
Sasha|F
Nia|F
Anna|M
Kobe|M
Brent|M
MARQUIS|M
HECTOR|M
JEREMIAH|M
Mamadou|M
Leo|M
Alexa|F
ASHLEY|F
SOLOMON|M
MOLLY|F
Duvid|M
Harrison|M
KIARA|F
Shia|M
NATALY|F
MARGOT|F
Kanoa|M
Ronnie|M
Ikaika|M
Jacoby|M
Isabella|F
RAINA|F
Marlowe|F
Finley|M
YECHIEL|M
YECHEZKEL|M
Angelique|F
Rivkah|F
Winston|M
Kiera|F
DOMINICK|M
Armando|M
Mekhi|M
JAXON|M
Phoenix|F
RODNEY|M
PINCHAS|M
JADIEL|M
Ezequiel|M
ZEV|M
Alvin|M
Giuseppe|M
Aziza|F
Kiara|F
Jose|M
ARMAAN|M
Francesca|F
Miles|M
Colton|M
Jonathon|M
Clint|M
Vincent|M
Andy|M
NOLAN|M
Kenzo|M
Ibrahim|M
Eva|F
KENNEDY|F
Samantha|F
Maxim|M
SETH|M
Violet|F
MILAGROS|F
Alexandria|F
Aliyah|F
Nathaniel|M
JEFFREY|M
Magaly|F
Bryant|M
Lina|F
DANNA|F
Ethan|M
KYLE|M
Simi|F
Miracle|F
GEMMA|F
Raizel|F
Megan|F
Royal|F
Eliot|M
Cyrus|M
Darwin|M
Sam|M
Loren|M
Ernest|M
JANIEL|M
MARIAMA|F
DOVID|M
Rihanna|F
DANTE|M
IZAIAH|M
Paloma|F
Aicha|F
CAMERON|F
Remy|F
MCKENZIE|F
ANNE|F
EVE|F
Felipe|M
Wilder|M
GITTY|F
YIDES|F
Isiah|M
Stella|F
Joey|M
Clinton|M
Zackary|M
Andrea|M
AURORA|F
Julian|M
FIONA|F
Seth|M
Ahuva|F
ELLIOT|M
SHOSHANA|F
JAKE|M
Finn|M
Zaiden|M
DYLAN|F
Delilah|F
Gustavo|M
ALBERT|M
Fishel|M
Andres|M
Arleth|F
YEHUDAH|M
EDDIE|M
Rivka|F
MOSES|M
CHASE|M
EDWARD|M
Mindy|F
Rick|M
CRISTOPHER|M
AUDREY|F
ADDISON|F
Belen|F
Yeshaya|M
JUDAH|M
JUNIOR|M
TATIANA|F
DORIS|F
Jamir|M
Melvin|M
AIDAN|M
MADELINE|F
Anabelle|F
Aviel|M
Egypt|F
Shalom|M
DREW|M
Emerson|F
Alana|F
Jimmie|M
HINDA|F
Pedro|M
Clark|M
Nosson|M
KYLEE|F
Jahir|M
Liah|F
Ari|M
Michelle|F
Brady|M
Alanna|F
Gordon|M
Hannah|F
Hawa|F
Frimet|F
Valentina|F
Daniela|F
Lyla|F
Chandler|M
ELUZER|M
Jariel|M
JANIYAH|F
Allen|M
SHNEUR|M
ESTY|F
KELVIN|M
Layla|F
FREDDY|M
Alejandro|M
HINDY|F
EMMANUEL|M
Luis|M
LILA|F
Jakub|M
Colin|M
Lana|F
Charlie|F
ALEXANDRIA|F
Tyree|M
Collin|M
Rehan|M
SOFIA|F
Shloime|M
Eliyahu|M
SARIAH|F
MELVIN|M
Logan|M
Chris|M
TIANA|F
Scott|M
Kingsley|M
Daisy|F
AMARE|M
GRACE|F
Arye|M
Aron|M
Kevin|M
Nashly|F
JOAQUIN|M
TINA|F
SEBASTIAN|M
HELENA|F
Reina|F
Menachem|M
SANAA|F
Ilana|F
NIKHIL|M
ZAYDEN|M
MANHA|F
JENNA|F
ARI|M
Zara|F
Jimmy|M
Yitty|F
Skyla|F
Bryan|M
Jackson|M
Justin|M
JAZLYN|F
Mackenzie|F
Ibrahima|M
NATHALY|F
PRESTON|M
River|M
MELANY|F
ROHAN|M
Carina|F
Hendy|F
ANNABEL|F
Dulce|F
Arian|M
Laila|F
Aaliyah|F
BENZION|M
Nolan|M
Mike|M
Md|M
Silas|M
Aiden|M
Nusrat|F
Michael|M
Jeff|M
Jennifer|M
Devonte|M
BEN|M
Elimelech|M
Iris|F
MENDEL|M
SEKOU|M
Safwan|M
Shmuel|M
SEAN|M
Alisha|F
Jacky|M
HERSHEL|M
Grace|F
Zoey|F
ETHAN|M
SAMI|M
Joel|M
Keaton|M
Zaniyah|F
JOSEPH|M
Rivky|F
ESMERALDA|F
Emerson|M
Shira|F
RAYYAN|M
CARMELO|M
JOEL|M
Romy|F
ANIKA|F
SELENA|F
Wilson|M
Bodhi|M
Josiah|M
Mark|M
Eliezer|M
Sincere|M
Carly|F
Barry|M
CHRISTOPHER|M
Jonah|M
Jaycob|M
Isis|F
KAYLEIGH|F
Devorah|F
LAZER|M
ANNABELLE|F
STELLA|F
Caiden|M
JERMAINE|M
Zayan|M
Milania|F
Helen|F
SONIA|F
ELVIS|M
ERIK|M
Aditya|M
ESHAL|F
SORAYA|F
Saif|M
Randolph|M
Billie|F
MELANIE|F
Damari|M
ARIANA|F
Diana|F
MOHAMMAD|M
Kailyn|F
Amara|F
Anaya|F
Derrick|M
MICHAEL|M
ZURI|F
Hadley|F
Gaia|F
BIANCA|F
Itzel|F
Maxwell|M
TARAJI|F
Hudson|M
QUEENIE|F
LANA|F
Samir|M
MARK|M
Antonia|F
Anahi|F
Veer|M
MARIAM|F
ALISHA|F
FRANCISCO|M
SABRINA|F
Erick|M
MARVIN|M
Chad|M
Dana|M
Glenn|M
Ezekiel|M
Madeleine|F
Carla|F
Bradley|M
JADA|F
Desmond|M
Jonathan|M
SALVATORE|M
THEO|M
Conor|M
SKYLAR|F
Austin|M
Nelson|M
DANNY|M
Moises|M
BONNIE|F
SARAH|F
AMINA|F
Sahil|M
Norah|F
LILAH|F
Amadou|M
DERICK|M
Tehila|F
Blake|M
Holden|M
Shaindel|F
NATHALIA|F
TALIA|F
Tate|M
Stacy|M
Carl|M
SUBHAN|M
MATHEW|M
JARIEL|M
JEFFERSON|M
Hershy|M
Omari|M
Kayleen|F
Cooper|M
Jewel|F
Hunter|M
Abe|M
Leanna|F
Katherine|F
Imran|M
Madelyn|F
HAYLEE|F
BRIANNY|F
Adelyn|F
Everett|M
Jessie|M
Courtney|M
SELINA|F
TZIPPY|F
Toby|F
DERRICK|M
ABDOUL|M
Carlos|M
ALANA|F
LIAM|M
Scarlet|F
Ricky|M
Nikita|M
Stephen|M
Yossi|M
Mushka|F
Camila|F
Maddox|M
Zaid|M
Zabdiel|M
MELISSA|F
Mckenzie|F
Julie|F
BRANDON|M
Syed|M
VALERIA|F
DARIEL|M
Ray|M
JAD|M
Maimouna|F
LARA|F
Margaux|F
Zariah|F
LEANDRO|M
Nico|M
Ruben|M
MAXIMILIAN|M
ARIA|F
GIADA|F
ARTURO|M
Eason|M
Yassin|M
Greg|M
Braylon|M
Jayceon|M
Kadiatou|F
William|M
AIDEN|M
Mohamed|M
Rowan|M
Mikael|M
Maggie|F
Barbara|F
GIOVANNY|M
Lazer|M
BRIELLE|F
AHMED|M
Victoria|F
MILES|M
NOAH|M
Yachet|F
Hugh|M
Liam|M
Arvin|M
EMILIO|M
Dream|F
SIDNEY|M
Levi|M
Bria|F
KELSEY|F
Phoenix|M
Mina|F
Winter|F
Erica|F
Christopher|M
SAGE|F
Stephanie|F
Ava|F
ADAN|M
KYMANI|M
Elisheva|F
Nayla|F
Shaindy|F
Zelda|F
Alan|M
JANICE|F
Rachel|M
Ahad|M
ARIEL|M
ANYA|F
August|M
VIVIANA|F
SHMUEL|M
Sky|F
SIMA|F
JEREMIAS|M
Ermias|M
Jarrod|M
Elton|M
Eitan|M
Poppy|F
Valentin|M
HAILEY|F
CRISTOFER|M
Shloimy|M
Ayat|F
SHANIA|F
AMIRA|F
Raya|F
COOPER|M
Erika|F
Lia|F
Marquise|M
Zachery|M
Marcelo|M
MATEO|M
Sheldon|M
LUIS|M
Kenzie|F
Giovanni|M
Hayden|M
BRITTANY|F
Jalen|M
PHOENIX|F
JUDE|M
Genesis|F
Margot|F
CHANIE|F
Sadie|F
Ian|M
Gavin|M
BENTZION|M
Binyomin|M
Denisse|F
POLINA|F
Cody|M
Karter|M
Francesco|M
ANISHA|F
RAYMOND|M
RICARDO|M
Leonard|M
Ada|F
SHIRA|F
Britney|F
Louise|F
ARON|M
Blair|F
Eli|M
ALSTON|M
PARKER|F
Lincoln|M
ANA|F
Arthur|M
Raphael|M
Sonny|M
Muhammad|M
Yonah|M
Edgar|M
Mary|F
MIRI|F
Alston|M
Yocheved|F
Bowen|M
VIHAAN|M
Ambar|F
Elle|F
Florence|F
PARIS|F
MADISON|F
VANESSA|F
TOBY|F
Casey|M
Carlton|M
Melissa|M
Kent|M
Sylvester|M
BLIMY|F
Sage|F
CAMREN|M
Harlow|F
JONAH|M
Lionel|M
Irene|F
Zaire|M
Kelsey|F
SHIMON|M
Makayla|F
Jameson|M
HUNTER|M
Finnegan|M
Daniella|F
Tyrone|M
Monica|F
NIKOLAS|M
Samuel|M
CYRUS|M
Jaylee|F
Donovan|M
Kamari|M
Vincenzo|M
Herman|M
AALIYAH|F
MELINA|F
JAZMIN|F
LIA|F
Shaul|M
SHANIYA|F
DEVIN|M
Roland|M
Kainalu|M
SARA|F
FRIMET|F
Queenie|F
Wyatt|M
Abel|M
PAOLA|F
YAHIR|M
DELILAH|F
Leon|M
Morgan|M
Rohaan|M
MAKSIM|M
Dior|F
ELISA|F
Elian|M
Tamar|F
Evelina|F
Janiyah|F
Jerry|M
JAYLIN|F
Ricardo|M
Anais|F
JULIE|F
Joyce|F
Vicky|F
BOUBACAR|M
Dangelo|M
HANNAH|F
ROY|M
Perel|F
Nuchem|M
AHUVA|F
Remy|M
HELEN|F
ALESSANDRA|F
Blessing|F
CALEB|M
Chana|F
John|M
Kyle|M
Shulem|M
Grant|M
Liv|F
YISROEL|M
ELIANA|F
AYLEEN|F
Tyrel|M
Lyle|M
Douglas|M
Yuna|F
Burech|M
Johann|M
Sergio|M
YIDEL|M
Avi|M
Iker|M
Ahnaf|M
Aleena|F
Jolie|F
MOSHE|M
TAYLOR|M
AMIYAH|F
Alayna|F
Joselyn|F
VIOLET|F
Kennedy|F
Chesky|M
Omarion|M
Duane|M
Enrique|M
LUCY|F
Claire|F
Callie|F
GIULIANA|F
HADASSA|F
ELLIS|M
Maximo|M
Goldie|F
ITZEL|F
Amrom|M
Kenneth|M
AMANI|F
HADLEY|F
ELLIOTT|M
SYLVIE|F
Baruch|M
Trenton|M
Dwayne|M
Hana|F
Emmeline|F
STEPHANY|F
Marcos|M
Cole|M
Josephine|F
Lilian|F
Sari|F
DASHIELL|M
WILLA|F
Sholom|M
Myra|F
Talia|F
Madison|F
APRIL|F
Mika|F
REID|M
BRAYAN|M
SLOANE|F
Amalia|F
MATHIAS|M
Philip|M
Avital|F
WYNTER|F
Julia|M
Jermaine|M
Kylie|F
Felix|M
CHANA|F
Ahmed|M
Sarina|F
KATELYNN|F
KAYDEN|M
GRANT|M
Moussa|M
Reuben|M
Juliana|F
LILLY|F
Serenity|F
Marlon|M
CARMEN|F
Priscilla|F
Camden|M
Lilah|F
NOOR|F
MYLES|M
Roberto|M
Emily|F
Sawyer|M
Tamara|F
Malcolm|M
Rebecca|F
FARHAN|M
MIKAYLA|F
LINA|F
Doug|M
Tevin|M
Avrohom|M
Anne|F
Aileen|F
ELIAN|M
Maverick|M
AMELIA|F
Jordan|M
Myles|M
Kaitlyn|F
AHRON|M
SANAI|F
HAYDEN|M
Amaya|F
Kamila|F
Celeste|F
Madisyn|F
Sanai|F
Anabia|F
BORUCH|M
Milo|M
Sebastian|M
Aleah|F
Cristian|M
Arlo|M
Jayda|F
Bryce|M
Piper|F
Yidel|M
Janae|F
VICTOR|M
DAYANA|F
Kristopher|M
Blaze|M
Gilbert|M
Ted|M
Lianna|F
VERONIKA|F
ERICA|F
Margaret|F
SERGIO|M
Juliet|F
Zahir|M
Skyler|M
ADONIS|M
KAYLA|F
Adan|M
HERSHY|M
PIPER|F
CYNTHIA|F
Colter|M
Lee|M
SAMIYAH|F
Maria|F
YAKOV|M
Calvin|M
Hashim|M
Ayan|M
Annabel|F
Summer|F
JAELYNN|F
Samira|F
Yasmina|F
ELI|M
FILIP|M
CHANCE|M
FINLEY|F
SYLVIA|F
Ronaldo|M
DYLAN|M
Sabrina|F
Peter|M
CRISTIAN|M
EZEKIEL|M
STACEY|F
JOSUE|M
Raizy|F
Archer|M
CHESKY|M
Santiago|M
Leroy|M
Melania|F
Jamel|M
Harvey|M
ISIS|F
Spencer|M
Pinchas|M
HAFSA|F
Danny|M
PAIGE|F
MASON|M
ROWAN|M
Daniel|M
Heaven|F
ZAHARA|F
Cristopher|M
Kapena|M
Leslie|M
Alondra|F
James|M
FRADY|F
GAEL|M
Avery|F
Taliyah|F
JOLIE|F
Monserrat|F
Jack|M
Elan|M
Amir|M
STEPHEN|M
CHRISTINA|F
Dashiell|M
Oren|M
RUTH|F
Isaias|M
ROIZY|F
Kevon|M
OUSMANE|M
TERRENCE|M
Ariyah|F
Toba|F
Mariama|F
TONY|M
JAYREN|M
Pamela|F
JANIYA|F
Alberto|M
NATHANAEL|M
JAYLEN|M
ALLEN|M
Logan|F
BATYA|F
CONNOR|M
Aahil|M
Gianni|M
Annie|F
George|M
Batya|F
Adelina|F
Kim|M
Erica|M
SHLOMA|M
Aydin|M
YARETZI|F
Aiza|F
DARREN|M
Brandon|M
MENACHEM|M
YAMILET|F
Bruchy|F
EPHRAIM|M
Jaime|M
ANGEL|M
Keyla|F
Pessy|F
Valery|F
SHANE|M
Aubrey|F
Akiva|M
Arianny|F
Dean|M
Shaina|F
Sienna|F
Dawson|M
FRANCES|F
Lila|F
WYATT|M
TIANNA|F
AICHA|F
Jasmine|M
Dominique|M
Shayla|F
AMIRAH|F
Chaim|M
CAMILO|M
TASNIM|F
Caleb|M
Athena|F
GEORGE|M
Amy|F
Juniper|F
ARYEH|M
Adyan|M
JADEN|M
Yariel|M
Parker|F
Annalise|F
Analia|F
ADA|F
Millie|F
Anton|M
GAVRIEL|M
BRIANNA|F
TENZIN|F
EDGAR|M
Yides|F
Royalty|F
Cecilia|F
ABIGAIL|F
PENELOPE|F
Sarahi|F
Savannah|F
DENISE|F
Rodrigo|M
Tanisha|F
Billy|M
Colby|M
Aden|M
FRANCESCA|F
Jadiel|M
TOMAS|M
Bonnie|F
Hugo|M
AMROM|M
ISABEL|F
HAREEM|F
Jude|M
Rylee|F
AMAR'E|M
Aleksandra|F
Jad|M
Giovanna|F
ISHAAN|M
Cleo|F
LUKE|M
MEILECH|M
OUMOU|F
Jayla|F
Noach|M
RYAN|M
Rhys|M
Kymani|M
Lauren|F
Nicolette|F
PARKER|M
Augustus|M
Leilani|F
YADIEL|M
ILAN|M
MENDY|M
LUCIA|F
Emmy|F
Griffin|M
RYDER|M
JAMARI|M
Shiloh|F
Julien|M
Aissatou|F
Mae|F
RICKY|M
LUNA|F
Avrum|M
Ester|F
Sabina|F
Mario|M
Maximus|M
Oumar|M
Jaslene|F
QUINCY|M
Brenda|F
OSCAR|M
Catherine|M
Devante|M
LAURA|F
KACPER|M
Kyson|M
Melina|F
ELAINE|F
London|F
Ariadna|F
Karina|F
Mathias|M
Ismael|M
GRAHAM|M
Jaquan|M
Herbert|M
Jonas|M
NACHMAN|M
Christine|F
HENNY|F
Jenna|F
Brendan|M
Rochel|F
ELENA|F
Sean|M
Vihaan|M
KAYA|F
Miley|F
Marley|F
Kourtney|F
Harold|M
Shaun|M
Monte|M
Kirk|M
CHRISTY|F
Milan|M
Kaylani|F
ALEKSANDER|M
Miranda|F
STEVE|M
KAILYN|F
Amare|M
Elliana|F
NATASHA|F
LIANA|F
Orion|M
ABDOULAYE|M
CRYSTAL|F
NEIL|M
Adriel|M
RUBY|F
Darin|M
Bridger|M
Amanda|M
Dustin|M
Wesley|M
ANGELA|F
CINDY|F
KYLA|F
Yaritza|F
Peretz|M
CHRISTIAN|M
MEYER|M
CARSON|M
TYLER|M
Bailey|F
Adrian|M
ELISE|F
Dalia|F
DENNIS|M
Kayla|F
Ryan|F
Karla|F
Nadia|F
Kamren|M
Ayla|F
Renata|F
Blima|F
Dana|F
Rickey|M
Notnamed|M
Karl|M
XIN|F
Edison|M
QUINN|M
Bracha|F
Alfred|M
Zayden|M
DWAYNE|M
Lucille|F
YITTA|F
MAMADOU|M
Camren|M
Farida|F
Arham|M
Bruno|M
MARTIN|M
Zion|M
Meshilem|M
Arya|F
MESSIAH|M
Maryam|F
JONAS|M
JASON|M
Keith|M
Tom|M
EDISON|M
Milana|F
RAYAN|M
Kailey|F
KAITLYN|F
Ryder|M
PHOEBE|F
LANDON|M
TRISTAN|M
ARYAN|M
IRENE|F
Sylvia|F
Nyla|F
Ace|M
Faigy|F
Lizeth|F
Anas|M
Ruby|F
ANTHONY|M
MANUEL|M
Kayden|M
LAMAR|M
Sarah|M
Joe|M
Deandre|M
ALEXIA|F
Adonis|M
Zaria|F
Faith|F
Boubacar|M
Journee|F
SYEDA|F
Leibish|M
BRITNEY|F
Lilliana|F
Yahya|M
Brooks|M
Willa|F
Javon|M
Ramon|M
Madison|M
Andrea|F
Simon|M
Benzion|M
ELIEZER|M
Byron|M
MATILDA|F
Shloma|M
Chloe|F
Alicia|F
ZALMEN|M
Ophelia|F
LYLA|F
Marcel|M
Neil|M
LEO|M
YEHUDA|M
LUZ|F
Joshua|M
Stuart|M
Christina|M
Israel|M
TESSA|F
GABRIEL|M
Maisie|F
JACE|M
VICKY|F
Shukrona|F
EZRA|M
LILY|F
KIMORA|F
YOEL|M
Nasir|M
Lennox|M
ALIYAH|F
JESSICA|F
Ousmane|M
Azaria|F
PETER|M
HAWA|F
Joziah|M
Chany|F
Gianna|F
Arnold|M
Anabella|F
Abby|F
Josue|M
Dovid|M
Kaylin|F
Alma|F
DAMIAN|M
Abrielle|F
LOUISA|F
Pinchus|M
KARINA|F
VINCENZO|M
Rayna|F
Briella|F
Doris|F
Warren|M
Keoni|M
Frederick|M
Celine|F
Kyree|M
Jordi|M
SIENA|F
GABRIELA|F
ISAIAH|M
Ariella|F
Morris|M
AUTUMN|F
NEYMAR|M
CHAD|M
CATALINA|F
Shiloh|M
Willow|F
Dariel|M
JOSE|M
YITZCHOK|M
NICO|M
OLIVE|F
AVRAHAM|M
Milton|M
Demarcus|M
Iymona|F
Khari|M
DAKOTA|F
NICOLE|F
Nathalia|F
Carter|M
SIMON|M
KAI|F
TENZIN|M
Lailah|F
Zane|M
MARINA|F
Miah|F
Reginald|M
Trevon|M
Ryker|M
Shaquille|M
SANTINO|M
LUCA|M
CRISTINA|F
JOSEPHINE|F
Brianna|F
Elliot|M
JACK|M
Kali|F
Mirel|F
Adeline|F
Jannatul|F
Yareli|F
REESE|F
JENNIFER|F
April|F
Angelica|F
Keenan|M
Keola|M
NIKITA|M
JOSHUA|M
Saifan|M
ESTELLE|F
Chava|F
HEIDI|F
LEVI|M
EMMETT|M
Cindy|F
MANDY|F
JAYDA|F
Xavier|M
SAM|M
SASHA|F
Adiel|M
USHER|M
YACHET|F
Gerard|M
Tyson|M
COREY|M
Elena|F
Baila|F
PERLA|F
Nazir|M
Brucha|F
Mouhamed|M
Charlotte|F
Abdulloh|M
GITTEL|F
Amiyah|F
Dylan|F
Amayah|F
Lindsay|F
MORDECHAI|M
Matthias|M
VERONICA|F
Donald|M
Tanner|M
Katherine|M
WINNIE|F
ALISA|F
SAMUEL|M
Jayce|M
Angeline|F
Eric|M
RICHARD|M
Samaira|F
Neymar|M
Mendy|M
Jakob|M
ARTHUR|M
Tommy|M
EVERETT|M
Imani|F
Precious|F
YONA|M
Moishy|M
LEONARDO|M
ALEENA|F
ANDY|M
BRENDA|F
SAVANNAH|F
Travis|M
Taylor|M
Tristan|M
JASMIN|F
TAMAR|F
Reizy|F
KHALIL|M
HARVEY|M
Alanis|F
Evangeline|F
AILEEN|F
Gage|M
YARIEL|M
YASEEN|M
SHAYAAN|M
Alba|F
AUBREE|F
SOPHIA|F
Madeline|F
FAITH|F
Salma|F
Kaylee|F
Jaxson|M
CALVIN|M
MAYER|M
Sama|F
Graham|M
Anderson|M
Craig|M
Mitchell|M
ANGUS|M
Paris|F
Cataleya|F
Berish|M
AMADOU|M
JAIME|M
ELINA|F
Timothy|M
Brayan|M
ATTICUS|M
Kairo|M
Hindy|F
Alex|M
SILAS|M
Hassan|M
CHLOE|F
Clarence|M
Shmiel|M
Kendra|F
Alpha|M
NATHANIEL|M
Journey|F
AYAN|M
Perla|F
Montserrat|F
Kira|F
Ezra|M
EDUARDO|M
Alexander|M
Eshaal|F
PATRICK|M
Cali|F
SIMI|F
MIGUEL|M
CLARA|F
Meera|F
Jasmina|F
KAYLEE|F
FANTA|F
BARBARA|F
Crystal|F
Alyssa|F
VIVIAN|F
Anika|F
Legend|M
Savion|M
Wendy|F
Yisrael|M
AARON|M
AMANDA|F
Misael|M
Aboubacar|M
TAMIA|F
Zora|F
Terrence|M
Blaine|M
Perry|M
Glen|M
Russell|M
Amari|M
Pearl|F
Vanessa|F
ALEXA|F
Milan|F
Kabir|M
Elianny|F
Melany|F
Leona|F
Dahlia|F
ZOEY|F
Sapphire|F
Blake|F
Sloane|F
BYRON|M
Uriel|M
Shayden|M
MOHAMMED|M
Marc|M
Esteban|M
Zissy|F
Binyamin|M
BARUCH|M
SYDNEY|F
Richard|M
ANIYAH|F
Ahron|M
ALONDRA|F
YAMILETH|F
Menashe|M
Lucas|M
NANA|M
EMILIANO|M
Dwight|M
Don|M
Brayden|M
Ivan|M
AMARI|M
CAYDEN|M
Sophie|F
Liyana|F
SHOLOM|M
XAVIER|M
CORA|F
Riley|M
Lydia|F
HADASSAH|F
Gerardo|M
Gwendolyn|F
Yaretzi|F
Rohan|M
Ayesha|F
BECKETT|M
Kian|M
Lance|M
Jim|M
AMBERLY|F
Tzirel|F
MAGGIE|F
Jaheim|M
Nevaeh|F
RACHEL|F
SERENA|F
Aubree|F
Julio|M
REED|M
Oskar|M
ARCHER|M
Ruth|F
JIMENA|F
Kylee|F
KINGSLEY|M
Karen|F
Yitzchak|M
Aharon|M
Yehoshua|M
Amina|F
Esmeralda|F
Robin|M
Ross|M
Emiliano|M
Aarya|F
Meilech|M
Nalani|F
Emani|F
Gael|M
ALI|M
SKYLER|M
Bintou|F
LEORA|F
Anya|F
SHAYA|M
HASSAN|M
Brooklyn|F
Willie|M
Jeremias|M
ANDERSON|M
Kristen|F
Perl|F
MUSA|M
Kelly|F
Shifra|F
KEIRA|F
MARIO|M
Usher|M
GIANNA|F
ALESSIA|F
Sury|F
LAILA|F
Edward|M
Darrell|M
Alika|M
Lola|F
MILAN|F
SKYE|F
Brody|M
YU|F
JAYLAH|F
Atara|F
ARIANNY|F
Eliza|F
Cayden|M
Jannat|F
AVRUM|M
JUDY|F
Eluzer|M
Ruchy|F
Christina|F
LEV|M
KADEN|M
ALTER|M
Ariah|F
Londyn|F
Albert|M
AIZA|F
Salvador|M
Ben|M
Tahmid|M
Sariyah|F
JAMAL|M
Malaysia|F
Etty|F
NOEMI|F
JAHEIM|M
Sarai|F
Dilan|M
MORGAN|F
Adam|M
Rhea|F
Colette|F
AVERY|F
WINSTON|M
Mohammad|M
Matias|M
Penelope|F
Ori|M
BROOKE|F
Bryson|M
Jean|M
BRENDAN|M
Farhan|M
Luca|M
Carson|M
PAULA|F
Farah|F
Devon|M
Dexter|M
ANGELO|M
MIRACLE|F
Tessa|F
Brooke|F
Menucha|F
Noor|F
Alaia|F
Yitzchok|M
Chance|M
Zachary|M
BRYCE|M
Aayan|M
Leonidas|M
BINYOMIN|M
Scotty|M
Keegan|M
Nick|M
SADIE|F
KAYLEEN|F
ALEXANDER|M
JOHANN|M
Avery|M
Livia|F
Gabrielle|F
Asia|F
Kaliyah|F
JOANNA|F
DIYA|F
Kareem|M
Jazmine|F
NATHAN|M
SHAINA|F
YARA|F
Lucy|F
IZABELLA|F
MICHAELA|F
RANDY|M
Selina|F
ZOE|F
Joseph|M
Xander|M
Tenzin|M
Madina|F
ALIZA|F
ADITYA|M
DANIELLE|F
ANGIE|F
Hareem|F
Luciana|F
NIA|F
Sage|M
Mabel|F
Nabiha|F
Kainoa|M
Adrianna|F
Adriana|F
Ryan|M
Alexis|M
Amirjon|M
Haylee|F
Armani|M
Leonardo|M
Devin|M
SHLOMO|M
Noelle|F
NICHOLAS|M
ISIAH|M
Mahamadou|M
YONAH|M
VALENTINA|F
Alejandra|F
Walter|M
Zakaria|M
Noel|M
CARLOS|M
Timmy|M
Bradford|M
Imona|F
Imogen|F
Malek|M
LIZ|F
Kenny|M
MILENA|F
Shea|F
Paige|F
Camille|F
Angelina|F
EVAN|M
Aniya|F
SHLOIMY|M
ANGELICA|F
JUSTICE|M
Mechel|M
Ezriel|M
Ron|M
Wynter|F
Amaia|F
Marjorie|F
Chavy|F
Timur|M
PEYTON|F
SAMARA|F
Santino|M
BREINDY|F
Kennedi|F
Bridget|F
Yanky|M
Leilany|F
Cael|M
Steve|M
Yehudis|F
Empress|F
MARYAM|F
ETTY|F
ROMEO|M
Aisha|F
Raina|F
SHARON|F
Sunny|F
Paula|F
JACKY|M
IMANI|F
ALINA|F
NAFTULI|M
Gary|M
Danielle|M
Lauren|M
Antwan|M
Jamaal|M
Jay|M
Tyler|M
Dov|M
Roselyn|F
Goldy|F
Julissa|F
Emery|F
MALIK|M
AISSATOU|F
ALPHA|M
RIVKY|F
Elizabeth|M
Zachariah|M
Mustafa|M
Hafsa|F
Dayana|F
Michaela|F
KRYSTAL|F
ALAN|M
AVROHOM|M
HUGO|M
CAITLIN|F
Aurelia|F
SCARLET|F
NICOLETTE|F
Abdoulaye|M
ADRIAN|M
Amani|F
Alexia|F
Omar|M
REEM|F
Theodora|F
MATIAS|M
Finley|F
KAYLIE|F
ARISHA|F
Marielle|F
Ilan|M
Arjun|M
Valentino|M
Anson|M
DANIEL|M
LOLA|F
AVERY|M
MIKE|M
Basya|F
Roosevelt|M
Brad|M
MALKA|F
Matilda|F
Jordyn|F
THOMAS|M
TRINITY|F
Kristian|M
Nava|F
EDDY|M
DERECK|M
Joanna|F
Alexandra|F
Chase|M
RAFAEL|M
Nicole|M
Elsa|F
Alaina|F
DINA|F
Catalina|F
Fatou|F
SHMIEL|M
Valerie|F
ASHLY|F
Natalie|F
TABITHA|F
CAROLINA|F
Lukas|M
Greta|F
Ronan|M
Quinn|M
ZYAIRE|M
HARRISON|M
LIV|F
Noa|M
Howard|M
ERICK|M
MIA|F
Kazi|M
Alec|M
ANAIS|F
IRIS|F
Ronald|M
EVANGELINE|F
Carmelo|M
RENEE|F
ALLYSON|F
Ashton|M
Efraim|M
Eunice|F
Elliott|M
Kekoa|M
BENJAMIN|M
ZAIN|M
ELISHEVA|F
Chanel|F
BRUCHA|F
Sydney|F
ADELE|F
OMAR|M
Sami|M
Ibrohim|M
Kailani|F
CHAVY|F
NATHALIE|F
Stacy|F
Yadiel|M
DEVON|M
ABEL|M
YERIK|M
STACY|F
Renee|F
Justice|M
BRYANT|M
Arabella|F
Corey|M
Rayan|M
Solomon|M
MAEVE|F
Zamir|M
Grayson|M
ROCCO|M
ALANI|F
Stacey|M
Troy|M
Cornelius|M
Brett|M
GEORGIA|F
Nachman|M
Zahra|F
Estelle|F
Ayra|F
Chace|M
Heidi|F
Everly|F
MARCOS|M
LENA|F
GIA|F
Alahia|F
Abril|F
Wolf|M
SURI|F
Shane|M
Yechiel|M
Terrell|M
CAMILA|F
Lilly|F
Ahmad|M
Lenny|M
Axel|M
Alice|F
Amia|F
ABDULLAH|M
Lielle|F
MINA|F
JALEN|M
Ashley|F
TAYLOR|F
Owen|M
GERARDO|M
Zuri|F
CASEY|F
MARILYN|F
LESLEY|F
Shlomo|M
Miri|F
Molly|F
Ana|F
Cairo|M
JASIAH|M
Paul|M
Rowan|F
ELEANOR|F
AYDEN|M
Allyson|F
Teagan|F
SHAUL|M
SHULEM|M
NOAM|M
Trany|F
Shea|M
MOISES|M
Annika|F
Royal|M
ROSE|F
Avigail|F
SHIA|M
Shevy|F
Tiana|F
Earl|M
Larry|M
Dalton|M
Tommie|M
Brigitte|F
JAYSON|M
Kayson|M
STANLEY|M
Abrar|M
Dua|F
Aniyah|F
YASMINE|F
EILEEN|F
Salvatore|M
Damian|M
CHARLIE|M
Moshe|M
Remi|F
Vienna|F
CAMILLE|F
VINCENT|M
Stephanie|M
Lewis|M
INGRID|F
RAIZY|F
ELOISE|F
CELIA|F
Dante|M
BRUCE|M
Tobias|M
Jacqueline|F
NOA|F
JULIEN|M
Jeffery|M
Darrin|M
Brenden|M
Abigail|F
Ariana|F
Manha|F
Martin|M
MILA|F
ROYCE|M
ELIZABETH|F
Declan|M
ANNA|F
AYLA|F
Ayaan|M
MARIANA|F
EZRIEL|M
EVELYN|F
NINA|F
Jeremy|M
NYLA|F
Inaaya|F
Donnell|M
Babyboy|M
Jessica|M
Brock|M
Roiza|F
Abubakr|M
Meira|F
YAAKOV|M
GABRIELLE|F
ERIKA|F
Esty|F
Yakov|M
MINDY|F
Safa|F
Angel|F
MENASHE|M
Beckett|M
Anna|F
MARY|F
SALOME|F
""|M
Jamarion|M
PABLO|M
Perry|F
AARAV|M
Cecelia|F
Aviva|F
Leila|F
PEARL|F
Winnie|F
ISABELLA|F
Reese|F
Eliam|M
Serafina|F
SHERLYN|F
JAVIER|M
Katerina|F
ROGER|M
Raymond|M
PERL|F
AMY|F
Shoshana|F
Maison|M
AUSTIN|M
SHILOH|F
DAMARIS|F
Fradel|F
Roy|M
Malia|F
Mateo|M
HENRY|M
Anabel|F
Nehemiah|M
Galilea|F
Georgia|F
Alani|F
Jasiah|M
Jada|F
MALCOLM|M
Haniya|F
Matthew|M
Yusuf|M
Zahara|F
GREGORY|M
Libby|F
Diyora|F
Leora|F
Royce|M
DIEGO|M
EDWIN|M
JORDAN|M
PEYTON|M
Aryan|M
JOHN|M
Porter|M
Wassillie|M
RUCHY|F
Nyah|F
Jaden|M
Ean|M
Breindy|F
Aria|F
SADE|F
Shirley|F
SERENITY|F
BRYSON|M
YAIR|M
Lonnie|M
ZAIRE|M
Erik|M
Rosa|F
Januel|M
NOSSON|M
Bryanna|F
Lizbeth|F
Malachi|M
Major|M
Hope|F
COLETTE|F
JERRY|M
Dennis|M
Tina|F
Eshan|M
Bennett|M
JAZZLYN|F
CASSANDRA|F
PAUL|M
ALIJAH|M
Zain|M
ALFREDO|M
Elianna|F
HAYLEY|F
Krish|M
Ansel|M
Kyro|M
Suri|F
LEYLA|F
Cora|F
ESSENCE|F
SHAINDEL|F
SPENCER|M
KIERAN|M
Zendaya|F
Bart|M
Bobby|M
Emely|F
Adina|F
CHRIS|M
ERIN|F
Mayson|M
Simcha|M
YAEL|M
Golda|F
Louis|M
Cynthia|F
Henny|F
ELLA|F
Samantha|M
ALVIN|M
SYMPHONY|F
ARJUN|M
Fernanda|F
Anastasia|F
RILEY|F
Scarlett|F
IKER|M
CAMERON|M
BRYANNA|F
ZANIYAH|F
BRUCHY|F
KAMARI|M
DONOVAN|M
Tiffany|F
Hillel|M
SIMONE|F
IBRAHIMA|M
Daquan|M
Jaslyn|F
Ariadne|F
Jorge|M
ELLIE|F
Payton|F
Reem|F
Samara|F
HAO|M
Jaelyn|F
ANNIE|F
VICTORIA|F
URIEL|M
Oumou|F
Alia|F
TROY|M
Adele|F
Jonael|M
Sabiha|F
Yasmin|F
Junior|M
Lipa|M
Shaya|M
OUMAR|M
Romeo|M
Asher|M
CECILIA|F
AYESHA|F
TERRY|M
Marty|M
Haley|F
Elodie|F
AHARON|M
Frances|F
Jared|M
Jennifer|F
Reign|F
Yamileth|F
LUKA|M
Benson|M
Carolina|F
YITZCHAK|M
Mendel|M
Lawrence|M
Salome|F
Brian|M
GAVIN|M
Muhammad Ali|M
ABRAHAM|M
LIBBY|F
KRISTIAN|M
Dominick|M
MIRANDA|F
Heavenly|F
Milani|F
STEVEN|M
YOUSSEF|M
DANIELLA|F
KAREEM|M
CAROLINE|F
Jeffrey|M
ELIZA|F
Fanta|F
Berl|M
Eve|F
Jax|M
Ximena|F
GRAYSON|M
Kalani|M
Daryl|M
Abigail|M
CELESTE|F
Dara|F
Fabian|M
Natasha|F
Eleanor|F
AVRIL|F
Clementine|F
Johnny|M
Naomi|F
PRINCESS|F
INES|F
Eyad|M
Arturo|M
JIA|M
ILANA|F
Younis|M
TERRELL|M
Bob|M
ANDREA|F
ZARA|F
Daleyza|F
HARPER|F
BRADLEY|M
Theo|M
Dakota|F
McKenzie|F
Lillian|F
Tori|F
Joy|F
ARIELLA|F
Annabelle|F
Jabari|M
CHARLOTTE|F
LONDYN|F
NAHLA|F
PHILIP|M
LIBA|F
ROSA|F
Amora|F
LINDA|F
Litzy|F
Prince|M
Amar'e|M
Maeve|F
Gittel|F
Jasmine|F
Kalani|F
ALLAN|M
Zev|M
Ladarius|M
Micheal|M
Bronson|M
Kaimana|M
Ines|F
Khadija|F
SHAWN|M
MALKY|F
JAYDEN|M
Saint|M
Gianluca|M
AVIVA|F
VIRGINIA|F
Ariel|F
Rory|M
Olympia|F
RAUL|M
Elvis|M
JAMIE|F
Yosef|M
Kody|M
Ashley|M
HANNA|F
DEREK|M
Ivaan|M
JANELLE|F
Addison|F
Ayden|M
MAKENZIE|F
June|F
Jamar|M
SUMMER|F
Kawika|M
Curtis|M
IVY|F
Khadijah|F
KAYLIN|F
CARMINE|M
HEAVEN|F
Brielle|F
GOLDY|F
MEIR|M
GORDON|M
LINDSAY|F
Eliel|M
KATIE|F
YEHOSHUA|M
Milena|F
FATIMA|F
Alessia|F
MAXIMUS|M
ANGELIQUE|F
Patrick|M
Wade|M
Fred|M
